INDEX,Order ID,Date,Status,Fulfilment,Sales Channel,ship-service-level,Category,Payment Method,Size,Courier Status,Amount,Quantity,Currency,Ship-City,Ship-postal-code,B2B,Revenue,,,,,,,,,,,,
0,405-8078784-5731545,4/30/22,Cancelled,Merchant,Amazon.in,Standard,T-shirt,Cash,S,On the Way,? 648,0,INR,MUMBAI,400081,FALSE,0,,,,,,,,,,,,
1,171-9198151-1101146,4/30/22,Shipped - Delivered to Buyer,Merchant,Amazon.in,Standard,Shirt,Debit Card,3XL,Shipped,? 406,1,INR,BENGALURU,560085,FALSE,406,,,,,,,,,,,,
2,404-0687676-7273146,4/30/22,Shipped,Amazon,Amazon.in,Expedited,Shirt,Debit Card,XL,Shipped,? 329,1,INR,NAVI MUMBAI,410210,TRUE,329,,,,,,,,,,,,
3,403-9615377-8133951,4/30/22,Cancelled,Merchant,Amazon.in,Standard,Blazzer,Debit Card,L,On the Way,? 754,0,INR,PUDUCHERRY,605008,FALSE,0,Calulations by Pricing,,,,,,,,,,,
4,407-1069790-7240320,4/30/22,Shipped,Amazon,Amazon.in,Expedited,Trousers,Debit Card,3XL,Shipped,? 574,1,INR,CHENNAI,600073,FALSE,574,,,,,,,,,,,,
5,404-1490984-4578765,4/30/22,Shipped,Amazon,Amazon.in,Expedited,T-shirt,Debit Card,XL,Shipped,? 824,1,INR,GHAZIABAD,201102,FALSE,824,Mean,590.496945,,,,,,,,,,
6,408-5748499-6859555,4/30/22,Shipped,Amazon,Amazon.in,Expedited,T-shirt,Debit Card,L,Shipped,? 653,1,INR,CHANDIGARH,160036,FALSE,653,Standard Error,13.74503371,,,,,,,,,,
7,406-7807733-3785945,4/30/22,Shipped - Delivered to Buyer,Merchant,Amazon.in,Standard,Shirt,Debit Card,S,Shipped,? 399,1,INR,HYDERABAD,500032,FALSE,399,Median,549,Products Most Order,Sum of Quantity,,Sum of Revenue,,Order Status,Sum of Quantity,,Row Labels,Sum of Quantity
8,407-5443024-5233168,4/30/22,Cancelled,Amazon,Amazon.in,Expedited,T-shirt,Debit Card,3XL,Cancelled,? 0,0,INR,HYDERABAD,500008,FALSE,0,Mode,399,Grand Total,453,,"?279,471",,Cancelled,0,,Cash,14.57%
9,402-4393761-0311520,4/30/22,Shipped,Amazon,Amazon.in,Expedited,Shirt,Debit Card,XXL,Shipped,? 363,1,INR,Chennai,600041,FALSE,363,Standard Deviation,304.5696018,Shirt,197,,,,On the Way,0,,Credit Card,66.67%
10,407-5633625-6970741,4/30/22,Shipped,Amazon,Amazon.in,Expedited,Shirt,Credit Card,S,Shipped,? 685,1,INR,CHENNAI,600073,FALSE,685,Sample Variance,92762.64234,T-shirt,177,,,,Shipped,434,,Debit Card,18.76%
11,171-4638481-6326716,4/30/22,Shipped,Amazon,Amazon.in,Expedited,Shirt,Credit Card,XS,Shipped,? 364,1,INR,NOIDA,201303,FALSE,364,Kurtosis,2.725321449,Blazzer,42,,,,Unshipped,19,,Grand Total,100.00%
12,405-5513694-8146768,4/30/22,Shipped - Delivered to Buyer,Merchant,Amazon.in,Standard,Shirt,Cash,XS,Shipped,? 399,1,INR,Amravati.,444606,FALSE,399,Skewness,0.872993205,Trousers,31,,,,Grand Total,453,,,
13,408-7955685-3083534,4/30/22,Shipped,Amazon,Amazon.in,Expedited,T-shirt,Credit Card,XS,Shipped,? 657,1,INR,MUMBAI,400053,FALSE,657,Range,2130,Perfume,3,,,,,,,,
14,408-1298370-1920302,4/30/22,Shipped - Delivered to Buyer,Merchant,Amazon.in,Standard,T-shirt,Debit Card,L,Shipped,? 771,1,INR,MUMBAI,400053,FALSE,771,Minimum,0,Shoes,1,,,,,,,,
15,403-4965581-9520319,4/30/22,Shipped - Delivered to Buyer,Merchant,Amazon.in,Standard,Shirt,Cash,6XL,Shipped,? 544,1,INR,GUNTAKAL,515801,FALSE,544,Maximum,2130,Socks,1,,,,,,,,
16,406-9379318-6555504,4/30/22,Shipped,Amazon,Amazon.in,Expedited,Shirt,Credit Card,XXL,Shipped,? 329,1,INR,JAIPUR,302020,FALSE,329,Sum,289934,Wallet,1,,,,,,,,
17,405-9013803-8009918,4/30/22,Shipped,Amazon,Amazon.in,Expedited,Shirt,Credit Card,XL,Shipped,? 399,1,INR,NEW DELHI,110074,FALSE,399,Count,491,,,,,,,,,,
18,402-4030358-5835511,4/30/22,Shipped - Delivered to Buyer,Merchant,Amazon.in,Standard,Shirt,Cash,XXL,Shipped,? 458,1,INR,Gurgaon,122004,FALSE,458,,,,,,,,,,,,
19,405-5957858-1051546,4/30/22,Shipped,Amazon,Amazon.in,Expedited,T-shirt,Credit Card,XS,Shipped,? 886,1,INR,BENGALURU,560017,FALSE,886,,,,,,,,,,,,
20,405-0607769-0716360,4/30/22,Shipped,Amazon,Amazon.in,Expedited,Shirt,Credit Card,3XL,Shipped,? 517,1,INR,TIRUCHIRAPPALLI,620018,FALSE,517,,,,,,,,,,,,
21,404-8494550-5860325,4/30/22,Shipped,Amazon,Amazon.in,Expedited,T-shirt,Credit Card,M,Shipped,? 666,1,INR,BENGALURU,560040,FALSE,666,,,,,,,,,,,,
22,171-1305077-2813934,4/30/22,Shipped,Amazon,Amazon.in,Expedited,Shirt,Credit Card,L,Shipped,? 376,1,INR,HYDERABAD,500072,FALSE,376,,,,,,,,,,,,
23,404-6019946-2909948,4/30/22,Cancelled,Merchant,Amazon.in,Standard,T-shirt,Credit Card,M,On the Way,? 571,0,INR,pune,411044,FALSE,0,,,,,,,,,,,,
24,402-3384087-4005164,4/30/22,Shipped,Amazon,Amazon.in,Expedited,Shirt,Credit Card,L,Shipped,? 499,1,INR,TEZPUR,784001,FALSE,499,,,,,,,,,,,,
25,405-8191138-5176316,4/30/22,Shipped - Delivered to Buyer,Merchant,Amazon.in,Standard,T-shirt,Debit Card,XS,Shipped,? 582,1,INR,RANCHI,834002,FALSE,582,,,,,,,,,,,,
26,403-9230474-9657916,4/30/22,Shipped - Delivered to Buyer,Merchant,Amazon.in,Standard,Shirt,Cash,3XL,Shipped,? 299,1,INR,BILASPUR,495001,FALSE,299,,,,,,,,,,,,
27,408-3484251-6901959,4/30/22,Shipped,Amazon,Amazon.in,Expedited,Shirt,Credit Card,4XL,Shipped,? 459,1,INR,PUNE,411052,FALSE,459,,,,,,,,,,,,
28,405-7755803-4729935,4/30/22,Shipped,Amazon,Amazon.in,Expedited,Shirt,Credit Card,M,Shipped,? 399,1,INR,BENGALURU,560037,FALSE,399,,,,,,,,,,,,
29,404-5933402-8801952,4/30/22,Cancelled,Merchant,Amazon.in,Standard,Shirt,Credit Card,3XL,On the Way,? 0,0,INR,GUWAHATI,781003,FALSE,0,,,,,,,,,,,,
30,171-9040274-9291563,4/30/22,Shipped,Amazon,Amazon.in,Expedited,Blazzer,Credit Card,S,Shipped,? 791,1,INR,THIRUVARUR,613704,FALSE,791,,,,,,,,,,,,
31,403-7056319-0979561,4/30/22,Shipped,Amazon,Amazon.in,Expedited,Shirt,Credit Card,XL,Shipped,? 499,1,INR,LUCKNOW,226010,FALSE,499,,,,,,,,,,,,
32,404-9632124-1107550,4/30/22,Shipped - Delivered to Buyer,Merchant,Amazon.in,Standard,T-shirt,Debit Card,M,Shipped,"? 1,233",1,INR,VISAKHAPATNAM,530016,FALSE,1233,,,,,,,,,,,,
33,402-1465437-0579556,4/30/22,Shipped - Delivered to Buyer,Merchant,Amazon.in,Standard,Shirt,Cash,M,Shipped,? 517,1,INR,JEYPUR,764001,FALSE,517,,,,,,,,,,,,
34,404-7774085-3780319,4/30/22,Shipped,Amazon,Amazon.in,Expedited,Shirt,Credit Card,XL,Shipped,? 376,1,INR,HYDERABAD,500028,FALSE,376,,,,,,,,,,,,
35,402-2764952-1492318,4/30/22,Shipped - Delivered to Buyer,Merchant,Amazon.in,Standard,Shirt,Cash,XL,Shipped,? 499,1,INR,LUCKNOW,226016,FALSE,499,,,,,,,,,,,,
36,406-0272200-7784379,4/30/22,Shipped,Amazon,Amazon.in,Expedited,T-shirt,Credit Card,L,Shipped,? 666,1,INR,CHENNAI,600033,FALSE,666,,,,,,,,,,,,
37,403-4367956-2849158,4/30/22,Shipped,Amazon,Amazon.in,Expedited,Shirt,Credit Card,S,Shipped,? 487,1,INR,NEW DELHI,110092,FALSE,487,,,,,,,,,,,,
38,403-4367956-2849158,4/30/22,Shipped,Amazon,Amazon.in,Expedited,Shirt,Credit Card,S,Shipped,? 368,1,INR,NEW DELHI,110092,FALSE,368,,,,,,,,,,,,
39,403-4242957-8599555,4/30/22,Shipped,Amazon,Amazon.in,Expedited,Shirt,Credit Card,L,Shipped,? 399,1,INR,THIRUVANANTHAPURAM,695011,FALSE,399,,,,,,,,,,,,
40,408-7165704-5643524,4/30/22,Shipped,Amazon,Amazon.in,Expedited,Perfume,Credit Card,Free,Shipped,? 699,1,INR,GREATER NOIDA,201306,FALSE,699,,,,,,,,,,,,
41,402-8210765-3935569,4/30/22,Shipped,Amazon,Amazon.in,Expedited,Blazzer,Credit Card,3XL,Shipped,? 885,1,INR,JABALPUR,482002,FALSE,885,,,,,,,,,,,,
42,406-7398201-3869914,4/30/22,Shipped - Delivered to Buyer,Merchant,Amazon.in,Standard,Shirt,Cash,M,Shipped,? 424,1,INR,MUMBAI,400092,FALSE,424,,,,,,,,,,,,
43,408-3478480-0881162,4/30/22,Shipped,Amazon,Amazon.in,Expedited,T-shirt,Credit Card,M,Shipped,"? 1,126",1,INR,LUCKNOW,226017,FALSE,1126,,,,,,,,,,,,
44,402-7595162-9129931,4/30/22,Shipped,Amazon,Amazon.in,Expedited,T-shirt,Credit Card,L,Shipped,? 788,1,INR,MUMBAI,400076,FALSE,788,,,,,,,,,,,,
45,171-6876154-6233146,4/30/22,Shipped,Amazon,Amazon.in,Expedited,T-shirt,Credit Card,S,Shipped,? 759,1,INR,KOLKATA,700014,FALSE,759,,,,,,,,,,,,
46,408-3917043-5314763,4/30/22,Shipped,Amazon,Amazon.in,Expedited,T-shirt,Credit Card,L,Shipped,"? 1,146",1,INR,ONGOLE,523001,FALSE,1146,,,,,,,,,,,,
47,408-9281152-6213100,4/30/22,Shipped,Amazon,Amazon.in,Expedited,Trousers,Credit Card,S,Shipped,? 665,1,INR,SECUNDERABAD,500017,FALSE,665,,,,,,,,,,,,
48,403-3496411-3082707,4/30/22,Shipped,Amazon,Amazon.in,Expedited,Shirt,Credit Card,S,Shipped,? 429,1,INR,HYDERABAD,500062,FALSE,429,,,,,,,,,,,,
49,171-9208368-0157156,4/30/22,Shipped - Delivered to Buyer,Merchant,Amazon.in,Standard,Shirt,Cash,M,Shipped,? 399,1,INR,KEWALPUR,271881,FALSE,399,,,,,,,,,,,,
50,408-2137113-0982751,4/30/22,Shipped,Amazon,Amazon.in,Expedited,T-shirt,Credit Card,S,Shipped,? 848,1,INR,CUTTACK,753012,FALSE,848,,,,,,,,,,,,
51,402-3628566-9688333,4/30/22,Shipped,Amazon,Amazon.in,Expedited,T-shirt,Credit Card,M,Shipped,? 654,1,INR,BADLAPUR,421503,FALSE,654,,,,,,,,,,,,
52,408-7138000-9728362,4/30/22,Shipped,Amazon,Amazon.in,Expedited,T-shirt,Credit Card,M,Shipped,"? 1,033",1,INR,dimapur,797112,FALSE,1033,,,,,,,,,,,,
53,402-1752649-2274748,4/30/22,Shipped,Amazon,Amazon.in,Expedited,Shirt,Credit Card,XL,Shipped,? 390,1,INR,BENGALURU,560047,FALSE,390,,,,,,,,,,,,
54,402-7944191-1869101,4/30/22,Shipped,Amazon,Amazon.in,Expedited,Trousers,Credit Card,L,Shipped,? 493,1,INR,BENGALURU,560076,FALSE,493,,,,,,,,,,,,
55,407-4063876-9566742,4/30/22,Shipped,Amazon,Amazon.in,Expedited,Blazzer,Credit Card,S,Shipped,? 721,1,INR,WARANGAL,506001,FALSE,721,,,,,,,,,,,,
56,403-0752752-4656334,4/30/22,Shipped,Amazon,Amazon.in,Expedited,T-shirt,Credit Card,XS,Shipped,? 597,1,INR,DHAULPUR,328024,FALSE,597,,,,,,,,,,,,
57,406-8879861-2081117,4/30/22,Shipped,Amazon,Amazon.in,Expedited,Shirt,Credit Card,L,Shipped,? 399,1,INR,GUWAHATI,781029,FALSE,399,,,,,,,,,,,,
58,406-8089333-7941903,4/30/22,Shipped,Amazon,Amazon.in,Expedited,T-shirt,Credit Card,S,Shipped,? 888,1,INR,Bengaluru,560103,FALSE,888,,,,,,,,,,,,
59,171-3072652-6805159,4/30/22,Shipped,Amazon,Amazon.in,Expedited,Shirt,Credit Card,XXL,Shipped,? 353,1,INR,HYDERABAD,500072,FALSE,353,,,,,,,,,,,,
60,171-2592464-6846743,4/30/22,Shipped - Delivered to Buyer,Merchant,Amazon.in,Standard,T-shirt,Debit Card,XL,Shipped,? 599,1,INR,BENGALURU,560023,FALSE,599,,,,,,,,,,,,
61,404-2262140-4696366,4/30/22,Shipped,Amazon,Amazon.in,Expedited,Shirt,Credit Card,M,Shipped,? 518,1,INR,NAGPUR,440022,FALSE,518,,,,,,,,,,,,
62,404-2262140-4696366,4/30/22,Shipped,Amazon,Amazon.in,Expedited,Shirt,Credit Card,M,Shipped,? 295,1,INR,NAGPUR,440022,FALSE,295,,,,,,,,,,,,
63,405-3594372-1614709,4/30/22,Shipped,Amazon,Amazon.in,Expedited,T-shirt,Credit Card,XS,Shipped,? 852,1,INR,GREATER NOIDA,201306,FALSE,852,,,,,,,,,,,,
64,407-2974257-4781134,4/30/22,Shipped,Amazon,Amazon.in,Expedited,T-shirt,Credit Card,M,Shipped,? 824,1,INR,THANE,400607,FALSE,824,,,,,,,,,,,,
65,171-4137548-0481151,4/30/22,Cancelled,Amazon,Amazon.in,Expedited,Shirt,Credit Card,XXL,Cancelled,? 0,0,INR,Dahod,389151,FALSE,0,,,,,,,,,,,,
66,405-4461562-9113959,4/30/22,Shipped,Amazon,Amazon.in,Expedited,T-shirt,Credit Card,XXL,Shipped,? 909,1,INR,RANCHI,834004,FALSE,909,,,,,,,,,,,,
67,404-4535078-5241919,4/30/22,Shipped,Amazon,Amazon.in,Expedited,Trousers,Credit Card,L,Shipped,? 432,1,INR,PUNE,411014,FALSE,432,,,,,,,,,,,,
68,405-8387725-2971512,4/30/22,Shipped,Amazon,Amazon.in,Expedited,T-shirt,Credit Card,L,Shipped,? 545,1,INR,BENGALURU,560040,FALSE,545,,,,,,,,,,,,
69,405-6480932-8759528,4/30/22,Shipped,Amazon,Amazon.in,Expedited,T-shirt,Credit Card,3XL,Shipped,"? 1,146",1,INR,VIJAPURA,586201,FALSE,1146,,,,,,,,,,,,
70,405-9966506-3155561,4/30/22,Shipped - Delivered to Buyer,Merchant,Amazon.in,Standard,Shirt,Cash,XL,Shipped,? 696,1,INR,CHENNAI,600041,FALSE,696,,,,,,,,,,,,
71,408-7029737-8028367,4/30/22,Shipped,Amazon,Amazon.in,Expedited,Shirt,Credit Card,M,Shipped,? 432,1,INR,MUMBAI,400080,FALSE,432,,,,,,,,,,,,
72,407-2189901-7515567,4/30/22,Shipped - Delivered to Buyer,Merchant,Amazon.in,Standard,T-shirt,Debit Card,S,Shipped,? 631,1,INR,bangalore,560001,FALSE,631,,,,,,,,,,,,
73,402-2105657-2899562,4/30/22,Shipped,Amazon,Amazon.in,Expedited,Shirt,Credit Card,XXL,Shipped,? 316,1,INR,BENGALURU,560098,FALSE,316,,,,,,,,,,,,
74,406-1326801-8886709,4/30/22,Shipped - Delivered to Buyer,Merchant,Amazon.in,Standard,Shirt,Cash,XL,Shipped,? 362,1,INR,BERHAMPUR,760002,FALSE,362,,,,,,,,,,,,
75,408-7760667-5809130,4/30/22,Shipped,Amazon,Amazon.in,Expedited,Shirt,Credit Card,L,Shipped,? 329,1,INR,HYDERABAD,500085,FALSE,329,,,,,,,,,,,,
76,405-8457623-9269955,4/30/22,Shipped,Amazon,Amazon.in,Expedited,Shirt,Credit Card,XXL,Shipped,? 399,1,INR,PUNE,411045,FALSE,399,,,,,,,,,,,,
77,408-6820155-3521913,4/30/22,Shipped,Amazon,Amazon.in,Expedited,T-shirt,Credit Card,3XL,Shipped,? 751,1,INR,TEZPUR,784001,FALSE,751,,,,,,,,,,,,
78,403-6190683-2687538,4/30/22,Shipped,Amazon,Amazon.in,Expedited,Blazzer,Credit Card,XL,Shipped,? 791,1,INR,HIMMATNAGAR,383001,FALSE,791,,,,,,,,,,,,
79,408-4069830-3819562,4/30/22,Shipped,Amazon,Amazon.in,Expedited,T-shirt,Credit Card,3XL,Shipped,? 684,1,INR,Kolkata,700048,FALSE,684,,,,,,,,,,,,
80,408-4069830-3819562,4/30/22,Shipped,Amazon,Amazon.in,Expedited,T-shirt,Credit Card,3XL,Shipped,"? 1,281",1,INR,Kolkata,700048,FALSE,1281,,,,,,,,,,,,
81,408-4069830-3819562,4/30/22,Shipped,Amazon,Amazon.in,Expedited,T-shirt,Credit Card,3XL,Shipped,"? 1,186",1,INR,Kolkata,700048,FALSE,1186,,,,,,,,,,,,
82,171-7367545-7081126,4/30/22,Shipped,Amazon,Amazon.in,Expedited,Shirt,Credit Card,XXL,Shipped,? 499,1,INR,HYDERABAD,502032,FALSE,499,,,,,,,,,,,,
83,404-6522553-9345930,4/30/22,Cancelled,Merchant,Amazon.in,Standard,T-shirt,Credit Card,M,On the Way,"? 1,106",0,INR,DEHRADUN,248001,FALSE,0,,,,,,,,,,,,
84,403-9950518-0349133,4/30/22,Cancelled,Amazon,Amazon.in,Expedited,Shirt,Credit Card,M,Cancelled,? 0,0,INR,HYDERABAD,500072,FALSE,0,,,,,,,,,,,,
85,407-6599093-6553153,4/30/22,Shipped - Delivered to Buyer,Merchant,Amazon.in,Standard,Socks,Cash,3XL,Shipped,? 377,1,INR,KOLKATA,700078,FALSE,377,,,,,,,,,,,,
86,403-3763475-2237125,4/30/22,Shipped,Amazon,Amazon.in,Expedited,Blazzer,Credit Card,M,Shipped,? 744,1,INR,DHARMAPURI,636705,FALSE,744,,,,,,,,,,,,
87,405-1492294-0323520,4/30/22,Shipped,Amazon,Amazon.in,Expedited,Blazzer,Credit Card,XL,Shipped,? 744,1,INR,DEHRADUN,248005,FALSE,744,,,,,,,,,,,,
88,403-1162895-2484367,4/30/22,Shipped - Delivered to Buyer,Merchant,Amazon.in,Standard,Blazzer,Cash,XXL,Shipped,? 859,1,INR,JAIPUR,303905,FALSE,859,,,,,,,,,,,,
89,171-6833843-5473114,4/30/22,Shipped,Amazon,Amazon.in,Expedited,Shirt,Credit Card,M,Shipped,? 487,1,INR,VADODARA,390019,FALSE,487,,,,,,,,,,,,
90,403-1477057-8253913,4/30/22,Shipped,Amazon,Amazon.in,Expedited,Blazzer,Credit Card,3XL,Shipped,? 825,1,INR,CHAVAKKAD,680506,FALSE,825,,,,,,,,,,,,
91,408-2114413-6089906,4/30/22,Shipped,Amazon,Amazon.in,Expedited,T-shirt,Credit Card,M,Shipped,? 680,1,INR,PATNA,800026,FALSE,680,,,,,,,,,,,,
92,405-1879750-2639521,4/30/22,Shipped - Delivered to Buyer,Merchant,Amazon.in,Standard,Shirt,Cash,3XL,Shipped,? 725,1,INR,CHENNAI,600028,FALSE,725,,,,,,,,,,,,
93,406-5727754-5302723,4/30/22,Shipped,Amazon,Amazon.in,Expedited,T-shirt,Debit Card,M,Shipped,? 696,1,INR,VADODARA,390018,FALSE,696,,,,,,,,,,,,
94,405-0901744-8270705,4/30/22,Shipped,Amazon,Amazon.in,Expedited,Shirt,Debit Card,L,Shipped,? 499,1,INR,VADODARA,390003,FALSE,499,,,,,,,,,,,,
95,405-9112089-3379536,4/30/22,Cancelled,Amazon,Amazon.in,Expedited,Shirt,Credit Card,L,Cancelled,? 0,0,INR,PUNE,411046,FALSE,0,,,,,,,,,,,,
96,408-6357132-2310703,4/30/22,Shipped,Amazon,Amazon.in,Expedited,T-shirt,Debit Card,L,Shipped,? 696,1,INR,Jammu,180011,FALSE,696,,,,,,,,,,,,
97,406-5334922-9670748,4/30/22,Shipped,Amazon,Amazon.in,Expedited,Shirt,Credit Card,3XL,Shipped,? 406,1,INR,bangalore,560026,FALSE,406,,,,,,,,,,,,
98,402-8519791-3706738,4/30/22,Shipped,Amazon,Amazon.in,Expedited,T-shirt,Credit Card,S,Shipped,? 852,1,INR,NEW DELHI,110036,FALSE,852,,,,,,,,,,,,
99,408-1830318-0357940,4/30/22,Shipped,Amazon,Amazon.in,Expedited,Shirt,Credit Card,XXL,Shipped,? 399,1,INR,NARNAUND,125039,FALSE,399,,,,,,,,,,,,
100,406-5103760-7326749,4/30/22,Shipped,Amazon,Amazon.in,Expedited,Shirt,Credit Card,XXL,Shipped,? 432,1,INR,Ahmedabad,380051,FALSE,432,,,,,,,,,,,,
101,402-7841951-1872363,4/30/22,Cancelled,Amazon,Amazon.in,Expedited,T-shirt,Debit Card,S,Cancelled,? 0,0,INR,NEW DELHI,110036,FALSE,0,,,,,,,,,,,,
102,408-7698765-2294756,4/30/22,Shipped - Delivered to Buyer,Merchant,Amazon.in,Standard,T-shirt,Debit Card,XXL,Shipped,"? 1,338",1,INR,AMBARNATH,421502,FALSE,1338,,,,,,,,,,,,
103,404-1856281-9996319,4/30/22,Shipped - Delivered to Buyer,Merchant,Amazon.in,Standard,Blazzer,Cash,S,Shipped,? 472,1,INR,GWALIOR,474005,FALSE,472,,,,,,,,,,,,
104,406-5406738-7113145,4/30/22,Shipped,Amazon,Amazon.in,Expedited,T-shirt,Credit Card,L,Shipped,? 788,1,INR,NEW DELHI,110078,FALSE,788,,,,,,,,,,,,
105,405-5257740-5301158,4/30/22,Shipped - Delivered to Buyer,Merchant,Amazon.in,Standard,T-shirt,Debit Card,XL,Shipped,? 832,1,INR,ROHTAK,124001,FALSE,832,,,,,,,,,,,,
106,405-5257740-5301158,4/30/22,Shipped - Delivered to Buyer,Merchant,Amazon.in,Standard,Shirt,Cash,XL,Shipped,? 399,1,INR,ROHTAK,124001,FALSE,399,,,,,,,,,,,,
107,405-2072502-4089911,4/30/22,Shipped,Amazon,Amazon.in,Expedited,T-shirt,Credit Card,XL,Shipped,? 599,1,INR,ROHTAK,124001,FALSE,599,,,,,,,,,,,,
108,405-0882561-5952340,4/30/22,Shipped,Amazon,Amazon.in,Expedited,T-shirt,Credit Card,M,Shipped,? 692,1,INR,Kolkata,700156,FALSE,692,,,,,,,,,,,,
109,403-7266170-1163500,4/30/22,Shipped - Delivered to Buyer,Merchant,Amazon.in,Standard,Trousers,Cash,M,Shipped,? 518,1,INR,MUMBAI,400076,FALSE,518,,,,,,,,,,,,
110,405-8114272-1687512,4/30/22,Shipped,Amazon,Amazon.in,Expedited,T-shirt,Credit Card,L,Shipped,? 788,1,INR,NEW DELHI,110034,FALSE,788,,,,,,,,,,,,
111,171-6138639-1478731,4/30/22,Shipped,Amazon,Amazon.in,Expedited,Shirt,Credit Card,M,Shipped,? 318,1,INR,HYDERABAD,500054,FALSE,318,,,,,,,,,,,,
112,405-4059216-4541150,4/30/22,Shipped,Amazon,Amazon.in,Expedited,T-shirt,Credit Card,XS,Shipped,? 597,1,INR,HYDERABAD,500072,FALSE,597,,,,,,,,,,,,
113,405-1152015-7333945,4/30/22,Shipped,Amazon,Amazon.in,Expedited,T-shirt,Debit Card,S,Shipped,? 888,1,INR,PATNA,800002,FALSE,888,,,,,,,,,,,,
114,406-0177436-6731556,4/30/22,Shipped,Amazon,Amazon.in,Expedited,Shirt,Credit Card,S,Shipped,? 406,1,INR,RAMAGUNDAM,505211,FALSE,406,,,,,,,,,,,,
115,406-0715107-8168308,4/30/22,Shipped,Amazon,Amazon.in,Expedited,T-shirt,Credit Card,M,Shipped,"? 1,186",1,INR,PITHORAGARH,262501,FALSE,1186,,,,,,,,,,,,
116,403-0104882-7373900,4/30/22,Cancelled,Amazon,Amazon.in,Expedited,Blazzer,Credit Card,XXL,Unshipped,? 791,1,INR,HIMMATNAGAR,383001,FALSE,791,,,,,,,,,,,,
117,403-0104882-7373900,4/30/22,Cancelled,Amazon,Amazon.in,Expedited,Blazzer,Debit Card,XL,Unshipped,? 807,1,INR,HIMMATNAGAR,383001,FALSE,807,,,,,,,,,,,,
118,403-0104882-7373900,4/30/22,Cancelled,Amazon,Amazon.in,Expedited,Blazzer,Debit Card,XXL,Unshipped,? 807,1,INR,HIMMATNAGAR,383001,FALSE,807,,,,,,,,,,,,
119,405-3002282-6797102,4/30/22,Shipped,Amazon,Amazon.in,Expedited,Shirt,Credit Card,S,Shipped,? 311,1,INR,KOLKATA,700057,FALSE,311,,,,,,,,,,,,
120,407-8466904-3461908,4/30/22,Shipped,Amazon,Amazon.in,Expedited,Trousers,Credit Card,XL,Shipped,? 387,1,INR,MUMBAI,400101,FALSE,387,,,,,,,,,,,,
121,171-3305587-5364338,4/30/22,Shipped,Amazon,Amazon.in,Expedited,Shirt,Credit Card,S,Shipped,? 348,1,INR,HYDERABAD,500053,FALSE,348,,,,,,,,,,,,
122,406-8961316-8137943,4/30/22,Shipped - Delivered to Buyer,Merchant,Amazon.in,Standard,T-shirt,Debit Card,S,Shipped,? 597,1,INR,"GUWAHATI, KAMRUP (M)",781014,FALSE,597,,,,,,,,,,,,
123,406-8961316-8137943,4/30/22,Shipped - Delivered to Buyer,Merchant,Amazon.in,Standard,T-shirt,Debit Card,S,Shipped,? 549,1,INR,"GUWAHATI, KAMRUP (M)",781014,FALSE,549,,,,,,,,,,,,
124,171-2813040-8296320,4/30/22,Shipped,Amazon,Amazon.in,Expedited,T-shirt,Debit Card,3XL,Shipped,? 635,1,INR,KOLAR,563101,FALSE,635,,,,,,,,,,,,
125,408-9845791-1393151,4/30/22,Shipped,Amazon,Amazon.in,Expedited,T-shirt,Credit Card,XS,Shipped,? 597,1,INR,PATIALA,147001,FALSE,597,,,,,,,,,,,,
126,402-4277204-2348328,4/30/22,Shipped,Amazon,Amazon.in,Expedited,T-shirt,Credit Card,S,Shipped,? 790,1,INR,REWA,486001,FALSE,790,,,,,,,,,,,,
127,171-3049339-2085136,4/30/22,Shipped,Amazon,Amazon.in,Expedited,Shirt,Credit Card,XXL,Shipped,? 375,1,INR,BONGAIGAON,783380,FALSE,375,,,,,,,,,,,,
128,405-9928526-2470747,4/30/22,Shipped,Amazon,Amazon.in,Expedited,T-shirt,Credit Card,XS,Shipped,"? 1,115",1,INR,HYDERABAD,500087,FALSE,1115,,,,,,,,,,,,
129,405-4908072-0260360,4/30/22,Shipped - Delivered to Buyer,Merchant,Amazon.in,Standard,Shirt,Cash,3XL,Shipped,? 579,1,INR,BENGALURU,560055,FALSE,579,,,,,,,,,,,,
130,406-3984186-5973150,4/30/22,Shipped,Amazon,Amazon.in,Expedited,T-shirt,Debit Card,XXL,Shipped,? 788,1,INR,Chengalpattu,603002,FALSE,788,,,,,,,,,,,,
131,171-8635309-7508346,4/30/22,Shipped,Amazon,Amazon.in,Expedited,T-shirt,Credit Card,M,Shipped,? 597,1,INR,PERAMBALUR,621212,FALSE,597,,,,,,,,,,,,
132,171-0293372-4913973,4/30/22,Cancelled,Amazon,Amazon.in,Expedited,T-shirt,Credit Card,3XL,Cancelled,? 0,0,INR,KOLAR,563101,FALSE,0,,,,,,,,,,,,
133,402-8288606-4313118,4/30/22,Shipped,Amazon,Amazon.in,Expedited,Shirt,Credit Card,M,Shipped,? 517,1,INR,BILASPUR,174001,FALSE,517,,,,,,,,,,,,
134,402-8746990-6412346,4/30/22,Shipped,Amazon,Amazon.in,Expedited,Shirt,Credit Card,XXL,Shipped,? 442,1,INR,CHENNAI,600099,FALSE,442,,,,,,,,,,,,
135,402-0294212-5431551,4/30/22,Shipped,Amazon,Amazon.in,Expedited,Shirt,Credit Card,3XL,Shipped,? 399,1,INR,VARANASI,221010,FALSE,399,,,,,,,,,,,,
136,406-1530134-2105912,4/30/22,Shipped,Amazon,Amazon.in,Expedited,Shirt,Credit Card,XXL,Shipped,? 518,1,INR,BENGALURU,560036,FALSE,518,,,,,,,,,,,,
137,403-5222550-4437140,4/30/22,Shipped,Amazon,Amazon.in,Expedited,Shirt,Credit Card,M,Shipped,? 348,1,INR,COIMBATORE,641035,FALSE,348,,,,,,,,,,,,
138,408-1482435-5202714,4/30/22,Shipped - Delivered to Buyer,Merchant,Amazon.in,Standard,T-shirt,Debit Card,M,Shipped,? 788,1,INR,CHIRMIRI,497449,FALSE,788,,,,,,,,,,,,
139,403-6442534-2769112,4/30/22,Cancelled,Amazon,Amazon.in,Expedited,Trousers,Credit Card,3XL,Cancelled,? 0,0,INR,AZAMGARH,276302,FALSE,0,,,,,,,,,,,,
140,408-3113070-0750756,4/30/22,Shipped,Amazon,Amazon.in,Expedited,T-shirt,Cash,M,Shipped,? 597,1,INR,KALYAN,421306,FALSE,597,,,,,,,,,,,,
141,404-7796841-1880317,4/30/22,Shipped,Amazon,Amazon.in,Expedited,Shirt,Credit Card,S,Shipped,? 696,1,INR,NEW DELHI,110016,FALSE,696,,,,,,,,,,,,
142,405-2142542-0941949,4/30/22,Shipped,Amazon,Amazon.in,Expedited,Shirt,Credit Card,XL,Shipped,? 363,1,INR,HYDERABAD,502032,FALSE,363,,,,,,,,,,,,
143,405-0286717-7761132,4/30/22,Shipped,Amazon,Amazon.in,Standard,Shirt,Debit Card,XL,Shipped,? 299,1,INR,HYDERABAD,502032,FALSE,299,,,,,,,,,,,,
144,406-9021273-9221106,4/30/22,Shipped,Amazon,Amazon.in,Expedited,Blazzer,Credit Card,S,Shipped,? 690,1,INR,GUWAHATI,781026,FALSE,690,,,,,,,,,,,,
145,404-5381335-4577925,4/30/22,Shipped,Amazon,Amazon.in,Expedited,Trousers,Credit Card,XS,Shipped,? 574,1,INR,MYSORE,570008,FALSE,574,,,,,,,,,,,,
146,171-0131752-2560336,4/30/22,Shipped - Delivered to Buyer,Merchant,Amazon.in,Standard,T-shirt,Debit Card,M,Shipped,"? 1,399",1,INR,BARABANKI,225001,FALSE,1399,,,,,,,,,,,,
147,407-4235449-1353916,4/30/22,Shipped - Delivered to Buyer,Merchant,Amazon.in,Standard,T-shirt,Debit Card,S,Shipped,? 999,1,INR,AMILA,275301,FALSE,999,,,,,,,,,,,,
148,171-8061614-5688327,4/30/22,Shipped,Amazon,Amazon.in,Expedited,T-shirt,Credit Card,XL,Shipped,? 999,1,INR,VIJAYAWADA,520010,FALSE,999,,,,,,,,,,,,
149,407-8248783-4261958,4/30/22,Shipped,Amazon,Amazon.in,Expedited,Shirt,Cash,XL,Shipped,? 487,1,INR,RAWAN AMBUJA CEMENT PLANT,493331,FALSE,487,,,,,,,,,,,,
150,404-6513062-3876305,4/30/22,Shipped - Delivered to Buyer,Merchant,Amazon.in,Standard,Shirt,Cash,3XL,Shipped,? 376,1,INR,TIRUCHIRAPPALLI,620018,FALSE,376,,,,,,,,,,,,
151,406-7779874-9136347,4/30/22,Shipped,Amazon,Amazon.in,Expedited,T-shirt,Credit Card,L,Shipped,"? 1,115",1,INR,HERBERTPUR,248142,FALSE,1115,,,,,,,,,,,,
152,406-9638549-1733961,4/30/22,Shipped,Amazon,Amazon.in,Expedited,T-shirt,Credit Card,XXL,Shipped,? 517,1,INR,BENGALURU,560048,FALSE,517,,,,,,,,,,,,
153,407-8801185-0134713,4/30/22,Shipped,Amazon,Amazon.in,Expedited,T-shirt,Credit Card,S,Shipped,"? 1,126",1,INR,bangalore,560001,FALSE,1126,,,,,,,,,,,,
154,171-3625443-6505905,4/30/22,Shipped,Amazon,Amazon.in,Expedited,Blazzer,Credit Card,L,Shipped,? 725,1,INR,KALAMASSERY,682021,FALSE,725,,,,,,,,,,,,
155,402-8078642-8565124,4/30/22,Cancelled,Amazon,Amazon.in,Expedited,Shirt,Credit Card,XL,Cancelled,? 0,0,INR,Puri-2,752002,FALSE,0,,,,,,,,,,,,
156,402-2820441-9623566,4/30/22,Shipped,Amazon,Amazon.in,Expedited,Blazzer,Debit Card,XXL,Shipped,? 721,1,INR,TIKABALI,762010,FALSE,721,,,,,,,,,,,,
157,171-4312987-5366767,4/30/22,Shipped,Amazon,Amazon.in,Expedited,T-shirt,Credit Card,XS,Shipped,? 666,1,INR,BIHARSHARIF,803115,FALSE,666,,,,,,,,,,,,
158,403-5189998-9343503,4/30/22,Shipped,Amazon,Amazon.in,Expedited,T-shirt,Credit Card,L,Shipped,? 496,1,INR,HYDERABAD,500075,FALSE,496,,,,,,,,,,,,
159,407-9863928-5979501,4/30/22,Shipped - Delivered to Buyer,Merchant,Amazon.in,Standard,Shirt,Cash,XL,Shipped,? 353,1,INR,PARAVUR,683513,FALSE,353,,,,,,,,,,,,
160,171-4644162-9093116,4/30/22,Shipped - Delivered to Buyer,Merchant,Amazon.in,Standard,Shirt,Cash,S,Shipped,? 399,1,INR,BASTI,272001,FALSE,399,,,,,,,,,,,,
161,406-0974406-3179521,4/30/22,Shipped,Amazon,Amazon.in,Expedited,Shirt,Credit Card,6XL,Shipped,? 458,1,INR,WALAJAPET,632513,FALSE,458,,,,,,,,,,,,
162,402-0048138-1845122,4/30/22,Shipped,Amazon,Amazon.in,Expedited,T-shirt,Debit Card,3XL,Shipped,"? 1,115",1,INR,Dimapur,797112,FALSE,1115,,,,,,,,,,,,
163,407-6283946-7749133,4/30/22,Shipped,Amazon,Amazon.in,Expedited,Perfume,Credit Card,Free,Shipped,? 845,1,INR,Bengaluru,560029,FALSE,845,,,,,,,,,,,,
164,407-0542879-1795554,4/30/22,Shipped - Delivered to Buyer,Merchant,Amazon.in,Standard,Shirt,Cash,S,Shipped,? 399,1,INR,Mahendragarh,123027,FALSE,399,,,,,,,,,,,,
165,406-0218328-1773963,4/30/22,Cancelled,Amazon,Amazon.in,Expedited,Shirt,Credit Card,6XL,Cancelled,? 0,0,INR,WALAJAPET,632513,FALSE,0,,,,,,,,,,,,
166,407-3742007-3242711,4/30/22,Shipped,Amazon,Amazon.in,Expedited,Shirt,Credit Card,S,Shipped,? 517,1,INR,HYDERABAD,500086,FALSE,517,,,,,,,,,,,,
167,407-3742007-3242711,4/30/22,Shipped,Amazon,Amazon.in,Expedited,Shirt,Credit Card,S,Shipped,? 517,1,INR,HYDERABAD,500086,FALSE,517,,,,,,,,,,,,
168,405-3067317-3360344,4/30/22,Shipped,Amazon,Amazon.in,Expedited,Shirt,Debit Card,3XL,Shipped,? 599,1,INR,GREATER NOIDA,201306,FALSE,599,,,,,,,,,,,,
169,406-5648244-8317954,4/30/22,Shipped,Amazon,Amazon.in,Expedited,Trousers,Credit Card,3XL,Shipped,? 487,1,INR,New Delhi,110019,FALSE,487,,,,,,,,,,,,
170,171-3460653-0171519,4/30/22,Shipped,Amazon,Amazon.in,Expedited,Trousers,Credit Card,XXL,Shipped,? 487,1,INR,GURUGRAM,122002,FALSE,487,,,,,,,,,,,,
171,404-5337874-2284337,4/30/22,Shipped,Amazon,Amazon.in,Expedited,T-shirt,Credit Card,XS,Shipped,? 568,1,INR,BENGALURU,560040,FALSE,568,,,,,,,,,,,,
172,405-2660443-4165145,4/30/22,Shipped - Delivered to Buyer,Merchant,Amazon.in,Standard,Shirt,Cash,M,Shipped,? 399,1,INR,BENGALURU,560022,FALSE,399,,,,,,,,,,,,
173,402-3329522-2367566,4/30/22,Shipped,Amazon,Amazon.in,Expedited,Shirt,Debit Card,XXL,Shipped,? 295,1,INR,MUMBAI,400069,FALSE,295,,,,,,,,,,,,
174,406-3078054-1755513,4/30/22,Shipped,Amazon,Amazon.in,Expedited,Shirt,Credit Card,3XL,Shipped,? 484,1,INR,BIJNOR,246722,FALSE,484,,,,,,,,,,,,
175,171-4647176-6456305,4/30/22,Shipped,Amazon,Amazon.in,Expedited,T-shirt,Debit Card,XXL,Shipped,? 626,1,INR,MUMBAI,400078,FALSE,626,,,,,,,,,,,,
176,408-5011528-8276347,4/30/22,Shipped,Amazon,Amazon.in,Expedited,T-shirt,Debit Card,M,Shipped,? 563,1,INR,ALLAHABAD,211001,FALSE,563,,,,,,,,,,,,
177,407-4097885-3129958,4/30/22,Shipped - Delivered to Buyer,Merchant,Amazon.in,Standard,Trousers,Cash,L,Shipped,? 387,1,INR,VASAI VIRAR,401202,FALSE,387,,,,,,,,,,,,
178,171-1224053-5752314,4/30/22,Cancelled,Merchant,Amazon.in,Standard,Trousers,Credit Card,L,On the Way,? 464,0,INR,BENGALURU,560087,FALSE,0,,,,,,,,,,,,
179,406-2849582-6531553,4/30/22,Shipped,Amazon,Amazon.in,Expedited,Trousers,Credit Card,L,Shipped,? 512,1,INR,BIJNOR,246701,FALSE,512,,,,,,,,,,,,
180,407-5875767-6399551,4/30/22,Shipped,Amazon,Amazon.in,Expedited,T-shirt,Credit Card,S,Shipped,"? 1,112",1,INR,HYDERABAD,500085,FALSE,1112,,,,,,,,,,,,
181,171-6336729-6763536,4/30/22,Cancelled,Amazon,Amazon.in,Expedited,T-shirt,Credit Card,M,Unshipped,? 626,1,INR,BENGALURU,560037,FALSE,626,,,,,,,,,,,,
182,404-3907920-5281963,4/30/22,Shipped,Amazon,Amazon.in,Expedited,Shirt,Credit Card,XXL,Shipped,? 376,1,INR,HYDERABAD,500090,FALSE,376,,,,,,,,,,,,
183,408-7310428-6047538,4/30/22,Shipped,Amazon,Amazon.in,Expedited,Blazzer,Credit Card,M,Shipped,? 859,1,INR,BENGALURU,560075,FALSE,859,,,,,,,,,,,,
184,403-2608092-6065935,4/30/22,Shipped,Amazon,Amazon.in,Expedited,T-shirt,Credit Card,L,Shipped,? 597,1,INR,MANGALURU,575001,FALSE,597,,,,,,,,,,,,
185,404-9760385-9109154,4/30/22,Shipped,Amazon,Amazon.in,Expedited,Shirt,Debit Card,XL,Shipped,? 329,1,INR,HYDERABAD,500034,FALSE,329,,,,,,,,,,,,
186,405-0732969-3941948,4/30/22,Shipped - Delivered to Buyer,Merchant,Amazon.in,Standard,T-shirt,Debit Card,XL,Shipped,? 583,1,INR,NEW TOWN,700059,FALSE,583,,,,,,,,,,,,
187,402-2720308-2560327,4/30/22,Shipped,Amazon,Amazon.in,Expedited,Blazzer,Debit Card,L,Shipped,? 665,1,INR,MUMBAI,400016,FALSE,665,,,,,,,,,,,,
188,402-0589123-6183541,4/30/22,Shipped,Amazon,Amazon.in,Expedited,T-shirt,Credit Card,L,Shipped,? 582,1,INR,MUMBAI,400016,FALSE,582,,,,,,,,,,,,
189,408-3874942-9917143,4/30/22,Shipped,Amazon,Amazon.in,Expedited,T-shirt,Credit Card,XL,Shipped,"? 1,126",1,INR,SAMBHAL,244302,FALSE,1126,,,,,,,,,,,,
190,402-1706149-0949104,4/30/22,Shipped,Amazon,Amazon.in,Expedited,Shirt,Debit Card,6XL,Shipped,? 534,1,INR,NAGPUR,441002,FALSE,534,,,,,,,,,,,,
191,407-1672316-3245939,4/30/22,Shipped,Amazon,Amazon.in,Expedited,Shirt,Credit Card,XXL,Shipped,? 319,1,INR,ELAVANASURKOTTAI,607202,FALSE,319,,,,,,,,,,,,
192,405-1832646-7988329,4/30/22,Shipped,Amazon,Amazon.in,Expedited,Shirt,Credit Card,S,Shipped,? 368,1,INR,SANGLI MIRAJ KUPWAD,416410,FALSE,368,,,,,,,,,,,,
193,408-9692204-9817146,4/30/22,Cancelled,Amazon,Amazon.in,Expedited,T-shirt,Credit Card,M,Unshipped,? 597,1,INR,KALYAN,421306,FALSE,597,,,,,,,,,,,,
194,402-9339129-6219537,4/30/22,Cancelled,Amazon,Amazon.in,Expedited,T-shirt,Credit Card,XXL,Unshipped,? 654,1,INR,MYSURU,570016,FALSE,654,,,,,,,,,,,,
195,405-3036350-8089120,4/30/22,Shipped,Amazon,Amazon.in,Expedited,Shirt,Credit Card,M,Shipped,? 795,1,INR,ANKLESHWR,393002,FALSE,795,,,,,,,,,,,,
196,404-6680046-0839536,4/30/22,Shipped - Delivered to Buyer,Merchant,Amazon.in,Standard,Blazzer,Cash,M,Shipped,? 744,1,INR,Chennai,600117,FALSE,744,,,,,,,,,,,,
197,406-2966654-4672325,4/30/22,Shipped,Amazon,Amazon.in,Expedited,Shirt,Credit Card,4XL,Shipped,? 692,1,INR,Greater Noida West,201009,FALSE,692,,,,,,,,,,,,
198,403-4845285-4565113,4/30/22,Shipped,Amazon,Amazon.in,Expedited,Trousers,Credit Card,M,Shipped,? 563,1,INR,JAMMU,180007,FALSE,563,,,,,,,,,,,,
199,171-4496851-5319548,4/30/22,Shipped,Amazon,Amazon.in,Expedited,Trousers,Debit Card,M,Shipped,? 545,1,INR,BENGALURU,560085,FALSE,545,,,,,,,,,,,,
200,408-3416118-1167564,4/30/22,Shipped,Amazon,Amazon.in,Expedited,T-shirt,Credit Card,L,Shipped,? 999,1,INR,ITANAGAR,791113,FALSE,999,,,,,,,,,,,,
208,171-1068229-1581965,4/30/22,Shipped,Amazon,Amazon.in,Expedited,T-shirt,Credit Card,3XL,Shipped,? 449,1,INR,BIDHAN NAGAR,700064,FALSE,449,,,,,,,,,,,,
209,402-2105140-3584364,4/30/22,Shipped,Amazon,Amazon.in,Expedited,Shirt,Credit Card,M,Shipped,? 375,1,INR,BENGALURU,560064,FALSE,375,,,,,,,,,,,,
210,403-3561336-3563535,4/30/22,Shipped,Amazon,Amazon.in,Expedited,T-shirt,Credit Card,M,Shipped,? 771,1,INR,AHMEDABAD,380015,FALSE,771,,,,,,,,,,,,
211,402-9532672-5385917,4/30/22,Shipped,Amazon,Amazon.in,Expedited,Shirt,Credit Card,L,Shipped,? 399,1,INR,TIRUCHIRAPPALLI,620001,FALSE,399,,,,,,,,,,,,
212,408-4547464-4180323,4/30/22,Shipped - Delivered to Buyer,Merchant,Amazon.in,Standard,Shirt,Cash,XXL,Shipped,? 0,1,INR,BHUBANESWAR,752054,FALSE,0,,,,,,,,,,,,
213,402-2211107-5096323,4/30/22,Shipped,Amazon,Amazon.in,Expedited,T-shirt,Credit Card,3XL,Shipped,? 654,1,INR,ALIGARH,202001,FALSE,654,,,,,,,,,,,,
214,403-9412025-7537140,4/30/22,Shipped,Amazon,Amazon.in,Expedited,Shirt,Debit Card,S,Shipped,? 424,1,INR,KOCHI,682006,FALSE,424,,,,,,,,,,,,
215,403-5456917-5571511,4/30/22,Cancelled,Amazon,Amazon.in,Expedited,Blazzer,Credit Card,XL,Cancelled,? 0,0,INR,GHAZIABAD,201014,FALSE,0,,,,,,,,,,,,
216,171-8452330-4756317,4/30/22,Shipped,Amazon,Amazon.in,Expedited,Trousers,Credit Card,XS,Shipped,? 432,1,INR,PUNE,412207,FALSE,432,,,,,,,,,,,,
217,171-4350114-4299568,4/30/22,Shipped - Delivered to Buyer,Merchant,Amazon.in,Standard,Trousers,Cash,XS,Shipped,? 399,1,INR,PUNE,412207,FALSE,399,,,,,,,,,,,,
218,405-8692900-3888310,4/30/22,Shipped,Amazon,Amazon.in,Expedited,Shirt,Credit Card,L,Shipped,? 399,1,INR,Bangalore,560016,FALSE,399,,,,,,,,,,,,
219,402-6750101-3923558,4/30/22,Shipped,Amazon,Amazon.in,Expedited,T-shirt,Cash,S,Shipped,? 597,1,INR,MALAPPURAM,676517,FALSE,597,,,,,,,,,,,,
220,403-5725327-6264327,4/30/22,Shipped,Amazon,Amazon.in,Expedited,Trousers,Credit Card,M,Shipped,? 463,1,INR,NOIDA,201301,FALSE,463,,,,,,,,,,,,
221,403-5209693-1173944,4/30/22,Shipped,Amazon,Amazon.in,Expedited,Shirt,Credit Card,XL,Shipped,? 484,1,INR,GREATER NOIDA,201308,FALSE,484,,,,,,,,,,,,
222,403-8255889-7526765,4/30/22,Shipped,Amazon,Amazon.in,Expedited,Shirt,Credit Card,S,Shipped,? 635,1,INR,PATNA,800023,FALSE,635,,,,,,,,,,,,
223,407-3554912-7244363,4/30/22,Shipped,Amazon,Amazon.in,Expedited,Shirt,Credit Card,XXL,Shipped,? 685,1,INR,SIBSAGAR,785674,FALSE,685,,,,,,,,,,,,
224,407-4737202-9096304,4/30/22,Shipped - Delivered to Buyer,Merchant,Amazon.in,Standard,Blazzer,Cash,M,Shipped,? 725,1,INR,GAYA,823001,FALSE,725,,,,,,,,,,,,
225,171-2842936-5423534,4/30/22,Shipped,Amazon,Amazon.in,Expedited,Trousers,Credit Card,XL,Shipped,? 487,1,INR,BENGALURU,560083,FALSE,487,,,,,,,,,,,,
226,407-4936046-5852304,4/30/22,Cancelled,Merchant,Amazon.in,Standard,T-shirt,Credit Card,XXL,On the Way,"? 1,250",0,INR,GURUGRAM,122001,FALSE,0,,,,,,,,,,,,
227,407-4936046-5852304,4/30/22,Cancelled,Merchant,Amazon.in,Standard,T-shirt,Debit Card,XXL,On the Way,"? 1,059",0,INR,GURUGRAM,122001,FALSE,0,,,,,,,,,,,,
228,402-9580874-3525948,4/30/22,Shipped,Amazon,Amazon.in,Expedited,T-shirt,Credit Card,XL,Shipped,? 696,1,INR,KOLLAM,691522,FALSE,696,,,,,,,,,,,,
229,404-7426070-1355530,4/30/22,Shipped,Amazon,Amazon.in,Expedited,Shirt,Credit Card,M,Shipped,? 329,1,INR,HYDERABAD,500034,FALSE,329,,,,,,,,,,,,
230,406-4878137-1126707,4/30/22,Shipped,Amazon,Amazon.in,Expedited,Shirt,Credit Card,S,Shipped,? 517,1,INR,PUNE,411052,FALSE,517,,,,,,,,,,,,
231,171-3505516-3505949,4/30/22,Shipped,Amazon,Amazon.in,Expedited,T-shirt,Debit Card,XL,Shipped,? 591,1,INR,PUNE,411046,FALSE,591,,,,,,,,,,,,
232,406-6199849-7523514,4/30/22,Shipped,Amazon,Amazon.in,Expedited,Shirt,Debit Card,3XL,Shipped,? 406,1,INR,PERALASSERI,670622,FALSE,406,,,,,,,,,,,,
233,406-6180074-2350757,4/30/22,Shipped,Amazon,Amazon.in,Expedited,T-shirt,Credit Card,XL,Shipped,? 684,1,INR,BENGALURU,560102,FALSE,684,,,,,,,,,,,,
234,406-6180074-2350757,4/30/22,Shipped,Amazon,Amazon.in,Expedited,T-shirt,Debit Card,XL,Shipped,"? 1,115",1,INR,BENGALURU,560102,FALSE,1115,,,,,,,,,,,,
235,406-2403215-8361103,4/30/22,Shipped - Delivered to Buyer,Merchant,Amazon.in,Standard,T-shirt,Debit Card,L,Shipped,? 999,1,INR,BENGALURU,560102,FALSE,999,,,,,,,,,,,,
236,404-6578109-5618751,4/30/22,Shipped - Delivered to Buyer,Merchant,Amazon.in,Standard,Shirt,Cash,M,Shipped,? 295,1,INR,BENGALURU,560100,FALSE,295,,,,,,,,,,,,
237,407-2307966-4961113,4/30/22,Shipped,Amazon,Amazon.in,Expedited,Shirt,Credit Card,XL,Shipped,? 442,1,INR,UDUPI,576104,FALSE,442,,,,,,,,,,,,
238,404-5539778-0029904,4/30/22,Shipped,Amazon,Amazon.in,Expedited,T-shirt,Credit Card,L,Shipped,? 563,1,INR,MARIANI,785634,FALSE,563,,,,,,,,,,,,
239,171-6222676-0740318,4/30/22,Shipped,Amazon,Amazon.in,Expedited,Shirt,Credit Card,L,Shipped,? 435,1,INR,NEW DELHI,110075,FALSE,435,,,,,,,,,,,,
240,403-2166075-2254703,4/30/22,Shipped,Amazon,Amazon.in,Expedited,T-shirt,Credit Card,M,Shipped,? 563,1,INR,MANGALURU,575006,FALSE,563,,,,,,,,,,,,
241,407-5766340-7411567,4/30/22,Shipped,Amazon,Amazon.in,Expedited,Shirt,Credit Card,XS,Shipped,? 399,1,INR,AHMEDABAD,380022,TRUE,399,,,,,,,,,,,,
242,404-0634392-1837110,4/30/22,Cancelled,Amazon,Amazon.in,Expedited,Trousers,Credit Card,S,Cancelled,? 0,0,INR,KARANJA,444105,FALSE,0,,,,,,,,,,,,
243,408-2759943-9849959,4/30/22,Shipped,Amazon,Amazon.in,Expedited,T-shirt,Credit Card,XXL,Shipped,"? 1,338",1,INR,KOLKATA,700051,FALSE,1338,,,,,,,,,,,,
244,403-5977671-8855508,4/30/22,Shipped - Returned to Seller,Merchant,Amazon.in,Standard,T-shirt,Debit Card,XS,Shipped,"? 1,115",1,INR,COOCH BEHAR,736101,FALSE,1115,,,,,,,,,,,,
245,408-9321153-0591557,4/30/22,Shipped,Amazon,Amazon.in,Expedited,Shirt,Credit Card,XL,Shipped,? 399,1,INR,BENGALURU,560029,FALSE,399,,,,,,,,,,,,
246,404-0696150-3898703,4/30/22,Shipped - Delivered to Buyer,Merchant,Amazon.in,Standard,T-shirt,Debit Card,S,Shipped,? 499,1,INR,PUNE,411037,FALSE,499,,,,,,,,,,,,
247,406-7586136-6520337,4/30/22,Shipped - Delivered to Buyer,Merchant,Amazon.in,Standard,Blazzer,Cash,M,Shipped,? 791,1,INR,DEHRADUN,248009,FALSE,791,,,,,,,,,,,,
248,407-6146457-8788352,4/30/22,Shipped,Amazon,Amazon.in,Expedited,Blazzer,Credit Card,M,Shipped,? 725,1,INR,GAYA,823001,FALSE,725,,,,,,,,,,,,
249,404-8514200-3544346,4/30/22,Cancelled,Amazon,Amazon.in,Expedited,Shirt,Credit Card,M,Cancelled,? 0,0,INR,BENGALURU,560036,FALSE,0,,,,,,,,,,,,
250,404-7452877-2137949,4/30/22,Cancelled,Merchant,Amazon.in,Standard,Shirt,Credit Card,M,On the Way,? 0,0,INR,BENGALURU,560036,FALSE,0,,,,,,,,,,,,
251,402-2703790-2816329,4/30/22,Cancelled,Merchant,Amazon.in,Standard,T-shirt,Credit Card,M,On the Way,"? 1,279",0,INR,JHARIA KHAS,828111,FALSE,0,,,,,,,,,,,,
252,407-1515930-8661921,4/30/22,Shipped,Amazon,Amazon.in,Expedited,T-shirt,Credit Card,XL,Shipped,"? 1,099",1,INR,KOLKATA,700070,FALSE,1099,,,,,,,,,,,,
253,405-9144614-1601126,4/30/22,Shipped - Delivered to Buyer,Merchant,Amazon.in,Standard,Shirt,Cash,XL,Shipped,? 533,1,INR,Secunderabad,500010,FALSE,533,,,,,,,,,,,,
254,407-0994909-4122733,4/30/22,Shipped,Amazon,Amazon.in,Expedited,Shirt,Cash,5XL,Shipped,? 696,1,INR,UDAIPUR,313001,FALSE,696,,,,,,,,,,,,
255,402-7042386-5486768,4/30/22,Shipped,Amazon,Amazon.in,Expedited,Shirt,Credit Card,M,Shipped,? 363,1,INR,COIMBATORE,641030,FALSE,363,,,,,,,,,,,,
256,403-7652993-1507525,4/30/22,Shipped,Amazon,Amazon.in,Expedited,T-shirt,Credit Card,L,Shipped,? 631,1,INR,BHUBANESWAR,751006,FALSE,631,,,,,,,,,,,,
257,407-3847456-6656309,4/30/22,Shipped,Amazon,Amazon.in,Expedited,T-shirt,Credit Card,3XL,Shipped,"? 1,115",1,INR,BHAGALPUR,812003,FALSE,1115,,,,,,,,,,,,
258,407-3847456-6656309,4/30/22,Shipped,Amazon,Amazon.in,Expedited,T-shirt,Credit Card,3XL,Shipped,? 968,1,INR,BHAGALPUR,812003,FALSE,968,,,,,,,,,,,,
259,171-7623384-8040337,4/30/22,Shipped,Amazon,Amazon.in,Expedited,Shirt,Credit Card,XXL,Shipped,? 486,1,INR,NAGPUR,440036,FALSE,486,,,,,,,,,,,,
260,171-7623384-8040337,4/30/22,Shipped,Amazon,Amazon.in,Expedited,T-shirt,Credit Card,XXL,Shipped,? 597,1,INR,NAGPUR,440036,FALSE,597,,,,,,,,,,,,
261,171-4607096-6413920,4/30/22,Shipped - Delivered to Buyer,Merchant,Amazon.in,Standard,T-shirt,Debit Card,3XL,Shipped,? 563,1,INR,NAGPUR,440036,FALSE,563,,,,,,,,,,,,
262,404-6783988-2006729,4/30/22,Shipped,Amazon,Amazon.in,Expedited,T-shirt,Credit Card,L,Shipped,? 597,1,INR,CHENNAI,600096,FALSE,597,,,,,,,,,,,,
263,404-6975277-1927553,4/30/22,Shipped - Delivered to Buyer,Merchant,Amazon.in,Standard,Shirt,Cash,XXL,Shipped,? 458,1,INR,BERHAMPORE,742103,FALSE,458,,,,,,,,,,,,
264,402-5586272-3646748,4/30/22,Shipped,Amazon,Amazon.in,Expedited,T-shirt,Credit Card,S,Shipped,"? 1,065",1,INR,Dehradun,248001,FALSE,1065,,,,,,,,,,,,
265,171-6655820-6440356,4/30/22,Shipped,Amazon,Amazon.in,Expedited,T-shirt,Credit Card,XXL,Shipped,"? 2,130",2,INR,MUMBAI,400101,FALSE,4260,,,,,,,,,,,,
266,171-1584788-8864335,4/30/22,Shipped - Delivered to Buyer,Merchant,Amazon.in,Standard,T-shirt,Debit Card,XXL,Shipped,"? 1,099",1,INR,MUMBAI,400101,FALSE,1099,,,,,,,,,,,,
267,402-0150402-0900371,4/30/22,Shipped,Amazon,Amazon.in,Expedited,Blazzer,Credit Card,S,Shipped,? 721,1,INR,SEONI,480661,FALSE,721,,,,,,,,,,,,
268,408-6791822-5493964,4/30/22,Shipped,Amazon,Amazon.in,Expedited,T-shirt,Credit Card,XL,Shipped,? 968,1,INR,Agra,282002,FALSE,968,,,,,,,,,,,,
269,405-0483874-0889137,4/30/22,Shipped,Amazon,Amazon.in,Expedited,T-shirt,Credit Card,XXL,Shipped,? 563,1,INR,LUCKNOW,226029,FALSE,563,,,,,,,,,,,,
270,407-5600921-2143569,4/30/22,Cancelled,Merchant,Amazon.in,Standard,T-shirt,Credit Card,S,On the Way,? 996,0,INR,BENGALURU,560067,FALSE,0,,,,,,,,,,,,
271,404-1607808-0769930,4/30/22,Cancelled,Amazon,Amazon.in,Expedited,T-shirt,Credit Card,XL,Cancelled,? 0,0,INR,PATNA,800001,FALSE,0,,,,,,,,,,,,
272,407-5124083-2725136,4/30/22,Shipped,Amazon,Amazon.in,Expedited,T-shirt,Credit Card,S,Shipped,? 682,1,INR,GHAZIABAD,201012,FALSE,682,,,,,,,,,,,,
273,407-4766116-5412325,4/30/22,Shipped,Amazon,Amazon.in,Expedited,Shirt,Credit Card,XL,Shipped,? 399,1,INR,Nermand,172023,FALSE,399,,,,,,,,,,,,
274,402-6885004-6990731,4/30/22,Shipped,Amazon,Amazon.in,Expedited,T-shirt,Credit Card,M,Shipped,? 626,1,INR,CHENNAI,600010,FALSE,626,,,,,,,,,,,,
275,402-2207276-9869933,4/30/22,Shipped,Amazon,Amazon.in,Expedited,T-shirt,Credit Card,M,Shipped,"? 1,140",1,INR,KAMAREDDY,503111,FALSE,1140,,,,,,,,,,,,
276,407-9494293-9423561,4/30/22,Shipped,Amazon,Amazon.in,Expedited,Shirt,Credit Card,M,Shipped,? 486,1,INR,SRINAGAR,190015,FALSE,486,,,,,,,,,,,,
277,171-6867266-8495534,4/30/22,Shipped,Amazon,Amazon.in,Expedited,T-shirt,Credit Card,XS,Shipped,? 597,1,INR,BENGALURU,560042,FALSE,597,,,,,,,,,,,,
278,408-3475592-6193128,4/30/22,Shipped,Amazon,Amazon.in,Expedited,Shirt,Credit Card,XL,Shipped,? 399,1,INR,MUDDEBIHAL,586212,FALSE,399,,,,,,,,,,,,
279,171-1987024-2709164,4/30/22,Shipped,Amazon,Amazon.in,Expedited,T-shirt,Credit Card,M,Shipped,? 660,1,INR,SANTHAMAGULURU MANDAL,523302,FALSE,660,,,,,,,,,,,,
280,406-1522425-5387565,4/30/22,Shipped,Amazon,Amazon.in,Expedited,Shirt,Credit Card,XL,Shipped,? 459,1,INR,HYDERABAD,500058,FALSE,459,,,,,,,,,,,,
281,171-3270734-5045130,4/30/22,Shipped,Amazon,Amazon.in,Expedited,T-shirt,Credit Card,XS,Shipped,? 631,1,INR,NEW DELHI,110045,FALSE,631,,,,,,,,,,,,
282,408-4101226-7217932,4/30/22,Shipped - Delivered to Buyer,Merchant,Amazon.in,Standard,Shirt,Cash,M,Shipped,? 459,1,INR,LUCKNOW,226010,FALSE,459,,,,,,,,,,,,
283,171-5719664-5449151,4/30/22,Cancelled,Amazon,Amazon.in,Expedited,T-shirt,Credit Card,XS,Unshipped,? 597,1,INR,BENGALURU,560042,FALSE,597,,,,,,,,,,,,
284,403-9400764-4029123,4/30/22,Shipped,Amazon,Amazon.in,Standard,T-shirt,Credit Card,S,Shipped,? 852,1,INR,BENGALURU,560102,FALSE,852,,,,,,,,,,,,
285,406-8413944-2634744,4/30/22,Shipped,Amazon,Amazon.in,Expedited,Shirt,Credit Card,XL,Shipped,? 353,1,INR,Hyderabad,500032,FALSE,353,,,,,,,,,,,,
286,406-8271099-5133911,4/30/22,Shipped,Amazon,Amazon.in,Expedited,Shirt,Credit Card,L,Shipped,? 345,1,INR,BENGALURU,562125,FALSE,345,,,,,,,,,,,,
287,406-8271099-5133911,4/30/22,Shipped,Amazon,Amazon.in,Expedited,Shirt,Credit Card,L,Shipped,? 329,1,INR,BENGALURU,562125,FALSE,329,,,,,,,,,,,,
288,405-3441326-1516368,4/30/22,Shipped,Amazon,Amazon.in,Expedited,Trousers,Credit Card,3XL,Shipped,? 518,1,INR,KOLKATA 700034,700034,FALSE,518,,,,,,,,,,,,
289,408-8009772-6580317,4/30/22,Shipped,Amazon,Amazon.in,Expedited,Trousers,Credit Card,XS,Shipped,? 387,1,INR,kolkata,700045,FALSE,387,,,,,,,,,,,,
290,402-4774686-7773937,4/30/22,Shipped - Delivered to Buyer,Merchant,Amazon.in,Standard,Trousers,Cash,XL,Shipped,? 339,1,INR,HYDERABAD,500001,FALSE,339,,,,,,,,,,,,
291,402-2860689-5652319,4/30/22,Shipped,Amazon,Amazon.in,Expedited,Blazzer,Credit Card,L,Shipped,? 744,1,INR,SEONI,480661,FALSE,744,,,,,,,,,,,,
292,406-6386989-1689108,4/30/22,Shipped - Delivered to Buyer,Merchant,Amazon.in,Standard,T-shirt,Debit Card,XL,Shipped,? 888,1,INR,BARUIPUR,700145,FALSE,888,,,,,,,,,,,,
293,408-9720884-9553122,4/30/22,Shipped,Amazon,Amazon.in,Expedited,Shirt,Credit Card,3XL,Shipped,? 487,1,INR,KENDRAPARA,754211,FALSE,487,,,,,,,,,,,,
294,408-6428766-2839536,4/30/22,Shipped - Delivered to Buyer,Merchant,Amazon.in,Standard,Shirt,Cash,3XL,Shipped,? 487,1,INR,KENDRAPARA,754211,FALSE,487,,,,,,,,,,,,
295,408-8641795-6914711,4/30/22,Shipped,Amazon,Amazon.in,Expedited,Trousers,Credit Card,XS,Shipped,? 563,1,INR,GURUGRAM,122001,FALSE,563,,,,,,,,,,,,
296,402-9475978-1434754,4/30/22,Shipped,Amazon,Amazon.in,Expedited,Blazzer,Credit Card,S,Shipped,? 859,1,INR,VIJAYAWADA,521225,FALSE,859,,,,,,,,,,,,
297,407-5776821-9327552,4/30/22,Shipped,Amazon,Amazon.in,Expedited,T-shirt,Credit Card,L,Shipped,"? 1,133",1,INR,MUMBAI,400072,FALSE,1133,,,,,,,,,,,,
298,171-6845071-0336346,4/30/22,Shipped,Amazon,Amazon.in,Expedited,T-shirt,Credit Card,XS,Shipped,? 788,1,INR,NASHIK,422003,FALSE,788,,,,,,,,,,,,
299,404-7491342-1035558,4/30/22,Shipped,Amazon,Amazon.in,Expedited,T-shirt,Credit Card,S,Shipped,"? 1,463",1,INR,THANE,401107,FALSE,1463,,,,,,,,,,,,
300,171-6783343-9758701,4/30/22,Shipped,Amazon,Amazon.in,Expedited,Shirt,Credit Card,L,Shipped,? 399,1,INR,HOSHIARPUR,146001,FALSE,399,,,,,,,,,,,,
301,402-0043314-1059527,4/30/22,Cancelled,Amazon,Amazon.in,Expedited,Blazzer,Credit Card,M,Unshipped,? 744,1,INR,SEONI,480661,FALSE,744,,,,,,,,,,,,
302,406-6586654-6641140,4/30/22,Shipped - Delivered to Buyer,Merchant,Amazon.in,Standard,Shirt,Cash,3XL,Shipped,? 487,1,INR,BENGALURU,560010,FALSE,487,,,,,,,,,,,,
303,405-6120626-0941135,4/30/22,Shipped,Amazon,Amazon.in,Expedited,T-shirt,Cash,L,Shipped,? 657,1,INR,Bengaluru,560017,FALSE,657,,,,,,,,,,,,
304,408-9255314-3102740,4/30/22,Shipped,Amazon,Amazon.in,Expedited,T-shirt,Cash,M,Shipped,"? 1,133",1,INR,BARSHI,413401,FALSE,1133,,,,,,,,,,,,
305,408-3436456-9893130,4/30/22,Shipped,Amazon,Amazon.in,Expedited,Shirt,Credit Card,XXL,Shipped,? 399,1,INR,MUMBAI,400080,FALSE,399,,,,,,,,,,,,
306,408-3870331-6287517,4/30/22,Shipped,Amazon,Amazon.in,Expedited,Shirt,Credit Card,L,Shipped,? 399,1,INR,Dehradun,248001,FALSE,399,,,,,,,,,,,,
307,408-3870331-6287517,4/30/22,Shipped,Amazon,Amazon.in,Expedited,Shirt,Credit Card,L,Shipped,? 399,1,INR,Dehradun,248001,FALSE,399,,,,,,,,,,,,
308,407-2882576-2777135,4/30/22,Shipped - Delivered to Buyer,Merchant,Amazon.in,Standard,T-shirt,Debit Card,M,Shipped,"? 1,233",1,INR,HYDERABAD,500089,FALSE,1233,,,,,,,,,,,,
309,403-2256919-4846738,4/30/22,Shipped - Delivered to Buyer,Merchant,Amazon.in,Standard,Blazzer,Cash,3XL,Shipped,? 825,1,INR,BENGALURU,560068,FALSE,825,,,,,,,,,,,,
310,403-2920089-2403567,4/30/22,Shipped,Amazon,Amazon.in,Expedited,Trousers,Credit Card,XXL,Shipped,? 487,1,INR,CHENNAI,600036,FALSE,487,,,,,,,,,,,,
311,406-7792526-4685142,4/30/22,Shipped,Amazon,Amazon.in,Expedited,T-shirt,Credit Card,XXL,Shipped,? 563,1,INR,HYDERABAD,500028,FALSE,563,,,,,,,,,,,,
312,406-7680255-6117120,4/30/22,Shipped,Amazon,Amazon.in,Expedited,Shirt,Debit Card,XXL,Shipped,? 399,1,INR,HYDERABAD,500028,FALSE,399,,,,,,,,,,,,
313,402-4646784-8411501,4/30/22,Shipped - Delivered to Buyer,Merchant,Amazon.in,Standard,Shirt,Debit Card,3XL,Shipped,? 471,1,INR,CHANDI MANDIR,134107,FALSE,471,,,,,,,,,,,,
314,405-2788163-4515521,4/30/22,Shipped - Delivered to Buyer,Merchant,Amazon.in,Standard,Shirt,Cash,XXL,Shipped,? 342,1,INR,ujjain,456010,FALSE,342,,,,,,,,,,,,
315,405-1757140-2025918,4/30/22,Shipped,Amazon,Amazon.in,Expedited,Shirt,Credit Card,XXL,Shipped,? 432,1,INR,ujjain,456010,FALSE,432,,,,,,,,,,,,
316,403-9105351-8453114,4/30/22,Shipped,Amazon,Amazon.in,Expedited,Shirt,Debit Card,L,Shipped,? 399,1,INR,Haldwani,263139,FALSE,399,,,,,,,,,,,,
317,402-0503400-6235514,4/30/22,Shipped,Amazon,Amazon.in,Expedited,T-shirt,Credit Card,S,Shipped,? 736,1,INR,CHENNAI,600125,FALSE,736,,,,,,,,,,,,
318,408-3201739-2676310,4/30/22,Shipped,Amazon,Amazon.in,Expedited,T-shirt,Credit Card,L,Shipped,"? 1,260",1,INR,MUMBAI,400049,FALSE,1260,,,,,,,,,,,,
319,171-8027093-8553945,4/30/22,Shipped,Amazon,Amazon.in,Expedited,Shirt,Credit Card,L,Shipped,? 399,1,INR,Uttarkashi,249193,FALSE,399,,,,,,,,,,,,
320,403-3331597-7637100,4/30/22,Shipped,Amazon,Amazon.in,Expedited,T-shirt,Credit Card,XS,Shipped,"? 1,133",1,INR,BHUBANESWAR,751006,FALSE,1133,,,,,,,,,,,,
321,403-4424319-6635501,4/30/22,Shipped,Amazon,Amazon.in,Expedited,T-shirt,Credit Card,L,Shipped,? 759,1,INR,Old Goa,403107,FALSE,759,,,,,,,,,,,,
322,403-0906375-2269150,4/30/22,Cancelled,Amazon,Amazon.in,Expedited,Shirt,Credit Card,M,Unshipped,? 475,1,INR,MAHESHWAR,451224,FALSE,475,,,,,,,,,,,,
323,406-7261451-5682727,4/30/22,Shipped,Amazon,Amazon.in,Expedited,Blazzer,Credit Card,XS,Shipped,? 744,1,INR,BENGALURU,560037,FALSE,744,,,,,,,,,,,,
324,407-5096970-7475550,4/30/22,Cancelled,Merchant,Amazon.in,Standard,T-shirt,Credit Card,L,On the Way,"? 1,903",0,INR,HARDOI,241001,FALSE,0,,,,,,,,,,,,
325,402-6566640-5417947,4/30/22,Shipped,Amazon,Amazon.in,Expedited,Blazzer,Debit Card,M,Shipped,? 771,1,INR,HYDERABAD,500073,FALSE,771,,,,,,,,,,,,
326,402-5302912-6805151,4/30/22,Shipped - Delivered to Buyer,Merchant,Amazon.in,Standard,Blazzer,Cash,M,Shipped,? 725,1,INR,HYDERABAD,500073,FALSE,725,,,,,,,,,,,,
327,407-9707366-3029944,4/30/22,Cancelled,Merchant,Amazon.in,Standard,Shirt,Credit Card,S,On the Way,? 474,0,INR,NEW DELHI,110074,FALSE,0,,,,,,,,,,,,
328,402-1365379-0131533,4/30/22,Cancelled,Amazon,Amazon.in,Expedited,T-shirt,Credit Card,M,Cancelled,? 0,0,INR,KAMAREDDY,503111,FALSE,0,,,,,,,,,,,,
329,408-5540360-9479519,4/30/22,Shipped - Delivered to Buyer,Merchant,Amazon.in,Standard,T-shirt,Debit Card,M,Shipped,? 759,1,INR,SHILLONG,793008,FALSE,759,,,,,,,,,,,,
330,403-2079921-1244300,4/30/22,Cancelled,Amazon,Amazon.in,Expedited,Shirt,Credit Card,M,Unshipped,? 475,1,INR,DHAMNOD DHAR DISTRICT,454552,FALSE,475,,,,,,,,,,,,
331,402-8019936-6115500,4/30/22,Cancelled,Amazon,Amazon.in,Expedited,T-shirt,Credit Card,XXL,Unshipped,? 654,1,INR,MYSURU,570016,FALSE,654,,,,,,,,,,,,
332,406-6711228-7576354,4/30/22,Cancelled,Amazon,Amazon.in,Expedited,Blazzer,Cash,XXL,Unshipped,? 791,1,INR,BENGALURU,560037,FALSE,791,,,,,,,,,,,,
333,171-1425554-3718756,4/30/22,Shipped,Amazon,Amazon.in,Expedited,Blazzer,Credit Card,3XL,Shipped,? 744,1,INR,BENGALURU,560070,FALSE,744,,,,,,,,,,,,
334,407-9906412-0889129,4/30/22,Shipped,Amazon,Amazon.in,Expedited,Shirt,Credit Card,3XL,Shipped,? 376,1,INR,CHAKDAHA,741222,FALSE,376,,,,,,,,,,,,
335,408-8991303-6559523,4/30/22,Shipped,Amazon,Amazon.in,Expedited,Shirt,Credit Card,XL,Shipped,? 399,1,INR,CHENNAI,600082,FALSE,399,,,,,,,,,,,,
336,408-6046797-8945127,4/30/22,Shipped,Amazon,Amazon.in,Expedited,T-shirt,Credit Card,XL,Shipped,? 599,1,INR,KOLKATA,700044,FALSE,599,,,,,,,,,,,,
337,171-2134173-5385136,4/30/22,Shipped,Amazon,Amazon.in,Expedited,Shirt,Credit Card,3XL,Shipped,? 782,1,INR,CHIKKAMAGALURU,577101,FALSE,782,,,,,,,,,,,,
338,171-2134173-5385136,4/30/22,Shipped,Amazon,Amazon.in,Expedited,Shirt,Credit Card,3XL,Shipped,? 362,1,INR,CHIKKAMAGALURU,577101,FALSE,362,,,,,,,,,,,,
339,402-2155477-9353103,4/30/22,Shipped,Amazon,Amazon.in,Expedited,T-shirt,Credit Card,XXL,Shipped,"? 1,173",1,INR,BHUBANESWAR,751003,FALSE,1173,,,,,,,,,,,,
340,407-8580022-5578715,4/30/22,Shipped - Delivered to Buyer,Merchant,Amazon.in,Standard,Blazzer,Cash,M,Shipped,? 744,1,INR,GURUGRAM,122018,FALSE,744,,,,,,,,,,,,
341,402-1572540-8678700,4/30/22,Shipped,Amazon,Amazon.in,Expedited,Blazzer,Credit Card,M,Shipped,? 725,1,INR,KOLKATA,700050,FALSE,725,,,,,,,,,,,,
342,171-1887627-9813158,4/30/22,Shipped,Amazon,Amazon.in,Expedited,Shirt,Credit Card,XS,Shipped,? 376,1,INR,VISAKHAPATNAM,530016,FALSE,376,,,,,,,,,,,,
343,408-7712483-3825907,4/30/22,Shipped - Delivered to Buyer,Merchant,Amazon.in,Standard,Shirt,Cash,L,Shipped,? 459,1,INR,ALLAHABAD,211004,FALSE,459,,,,,,,,,,,,
344,402-3621298-2630741,4/30/22,Cancelled,Amazon,Amazon.in,Expedited,T-shirt,Credit Card,XXL,Unshipped,? 654,1,INR,MYSURU,570016,FALSE,654,,,,,,,,,,,,
345,404-8745561-3169903,4/30/22,Shipped,Amazon,Amazon.in,Expedited,Shirt,Credit Card,M,Shipped,? 379,1,INR,LUCKNOW,226022,FALSE,379,,,,,,,,,,,,
346,404-1508602-9433941,4/30/22,Shipped,Amazon,Amazon.in,Expedited,T-shirt,Credit Card,XL,Shipped,? 696,1,INR,KOLKATA,700089,FALSE,696,,,,,,,,,,,,
347,171-9371949-6030721,4/30/22,Shipped,Amazon,Amazon.in,Expedited,T-shirt,Debit Card,M,Shipped,? 597,1,INR,MALDA,732101,FALSE,597,,,,,,,,,,,,
348,171-2705563-6985105,4/30/22,Shipped,Amazon,Amazon.in,Expedited,T-shirt,Debit Card,M,Shipped,? 692,1,INR,DIMAPUR,797112,FALSE,692,,,,,,,,,,,,
349,171-3537751-4007556,4/30/22,Shipped,Amazon,Amazon.in,Expedited,T-shirt,Credit Card,3XL,Shipped,"? 1,999",1,INR,Nellore,524314,FALSE,1999,,,,,,,,,,,,
350,408-5990312-3581165,4/30/22,Shipped,Amazon,Amazon.in,Expedited,T-shirt,Credit Card,XXL,Shipped,? 824,1,INR,PUDUCHERRY,605008,FALSE,824,,,,,,,,,,,,
351,403-6062596-1220349,4/30/22,Shipped,Amazon,Amazon.in,Expedited,Shirt,Credit Card,XS,Shipped,? 399,1,INR,CUNCOLIM,403703,FALSE,399,,,,,,,,,,,,
352,171-8220241-5105927,4/30/22,Shipped,Amazon,Amazon.in,Expedited,Shirt,Credit Card,3XL,Shipped,? 737,1,INR,CHIKKAMAGALURU,577101,FALSE,737,,,,,,,,,,,,
353,408-9405529-3743511,4/30/22,Shipped,Amazon,Amazon.in,Expedited,Shirt,Debit Card,XL,Shipped,? 399,1,INR,Hyderabad,500068,FALSE,399,,,,,,,,,,,,
354,402-3595365-1666728,4/30/22,Cancelled,Amazon,Amazon.in,Expedited,T-shirt,Credit Card,L,Unshipped,? 899,1,INR,NOIDA,201301,FALSE,899,,,,,,,,,,,,
355,407-3271219-3762757,4/30/22,Shipped,Amazon,Amazon.in,Expedited,Shirt,Credit Card,M,Shipped,? 368,1,INR,PUNE,411028,FALSE,368,,,,,,,,,,,,
356,402-3660716-8589107,4/30/22,Shipped - Delivered to Buyer,Merchant,Amazon.in,Standard,Shirt,Cash,3XL,Shipped,? 471,1,INR,trivandrum,695003,FALSE,471,,,,,,,,,,,,
357,171-3953233-6135505,4/30/22,Shipped,Amazon,Amazon.in,Expedited,Shirt,Credit Card,L,Shipped,? 399,1,INR,KANPUR,208027,FALSE,399,,,,,,,,,,,,
358,402-5525660-2118707,4/30/22,Shipped,Amazon,Amazon.in,Expedited,Shirt,Credit Card,S,Shipped,? 376,1,INR,CHINNALAPATTI,624301,FALSE,376,,,,,,,,,,,,
359,406-9941718-1734719,4/30/22,Shipped - Delivered to Buyer,Merchant,Amazon.in,Standard,Shirt,Cash,XL,Shipped,? 544,1,INR,BENGALURU,560072,FALSE,544,,,,,,,,,,,,
360,171-1297873-2176339,4/30/22,Shipped,Amazon,Amazon.in,Expedited,Shirt,Debit Card,L,Shipped,? 499,1,INR,HYDERABAD,500073,FALSE,499,,,,,,,,,,,,
361,407-6401192-4057954,4/30/22,Shipped,Amazon,Amazon.in,Expedited,Trousers,Debit Card,XS,Shipped,? 426,1,INR,BENGALURU,560100,FALSE,426,,,,,,,,,,,,
362,406-3397500-8084361,4/30/22,Shipped,Amazon,Amazon.in,Expedited,Shirt,Debit Card,XL,Shipped,? 399,1,INR,BENGALURU,560072,FALSE,399,,,,,,,,,,,,
363,171-9620288-8918704,4/30/22,Cancelled,Amazon,Amazon.in,Expedited,T-shirt,Debit Card,L,Cancelled,? 0,0,INR,BAGESHWAR,263642,FALSE,0,,,,,,,,,,,,
364,402-8089760-1132331,4/30/22,Shipped,Amazon,Amazon.in,Expedited,T-shirt,Debit Card,3XL,Shipped,? 995,1,INR,NEW DELHI,110059,FALSE,995,,,,,,,,,,,,
365,403-7042175-3905937,4/30/22,Shipped,Amazon,Amazon.in,Expedited,Shirt,Debit Card,M,Shipped,? 499,1,INR,BARRACKPORE,700122,FALSE,499,,,,,,,,,,,,
366,403-7042175-3905937,4/30/22,Shipped,Amazon,Amazon.in,Expedited,Shirt,Debit Card,M,Shipped,? 499,1,INR,BARRACKPORE,700122,FALSE,499,,,,,,,,,,,,
367,407-4629176-4141949,4/30/22,Shipped,Amazon,Amazon.in,Expedited,T-shirt,Credit Card,M,Shipped,? 597,1,INR,Dombivali  east,421201,FALSE,597,,,,,,,,,,,,
368,171-7306449-0588335,4/30/22,Shipped,Amazon,Amazon.in,Expedited,Shirt,Credit Card,S,Shipped,? 562,1,INR,NEW DELHI,110017,FALSE,562,,,,,,,,,,,,
369,407-1396965-6726703,4/30/22,Shipped,Amazon,Amazon.in,Expedited,Shirt,Credit Card,5XL,Shipped,? 696,1,INR,PATNA,801105,FALSE,696,,,,,,,,,,,,
370,407-0624641-6557144,4/30/22,Shipped,Amazon,Amazon.in,Expedited,T-shirt,Credit Card,L,Shipped,? 788,1,INR,Hyderabad,500070,FALSE,788,,,,,,,,,,,,
371,405-8444009-8723509,4/30/22,Shipped,Amazon,Amazon.in,Expedited,Shirt,Credit Card,M,Shipped,? 399,1,INR,New delhi,110085,FALSE,399,,,,,,,,,,,,
372,406-5729580-2175565,4/30/22,Shipped,Amazon,Amazon.in,Expedited,T-shirt,Credit Card,XXL,Shipped,"? 1,099",1,INR,NEW TOWN,700135,FALSE,1099,,,,,,,,,,,,
373,404-2255967-5457950,4/30/22,Shipped,Amazon,Amazon.in,Expedited,T-shirt,Credit Card,3XL,Shipped,? 476,1,INR,HYDERABAD,502319,FALSE,476,,,,,,,,,,,,
374,408-5020509-5674715,4/30/22,Shipped - Returned to Seller,Merchant,Amazon.in,Standard,Blazzer,Cash,M,Shipped,? 0,1,INR,NEW DELHI,110096,FALSE,0,,,,,,,,,,,,
375,407-7642883-3094732,4/30/22,Shipped - Delivered to Buyer,Merchant,Amazon.in,Standard,Blazzer,Cash,L,Shipped,? 885,1,INR,SIBSAGAR,785667,FALSE,885,,,,,,,,,,,,
376,404-7608918-0571517,4/30/22,Shipped,Amazon,Amazon.in,Expedited,T-shirt,Credit Card,XS,Shipped,? 654,1,INR,JAMMU,180015,FALSE,654,,,,,,,,,,,,
377,171-6589781-2209965,4/30/22,Shipped,Amazon,Amazon.in,Expedited,Blazzer,Credit Card,XL,Shipped,? 625,1,INR,Pune,411019,FALSE,625,,,,,,,,,,,,
378,405-9442254-2207515,4/30/22,Shipped - Delivered to Buyer,Merchant,Amazon.in,Standard,Shirt,Cash,6XL,Shipped,? 505,1,INR,Pathanapuram,689695,FALSE,505,,,,,,,,,,,,
379,405-3071731-6600369,4/30/22,Shipped,Amazon,Amazon.in,Expedited,Shirt,Credit Card,6XL,Shipped,? 563,1,INR,Pathanapuram,689695,FALSE,563,,,,,,,,,,,,
380,404-6026001-1717923,4/30/22,Cancelled,Merchant,Amazon.in,Standard,Shirt,Credit Card,M,On the Way,? 345,0,INR,JAUNPUR,222001,FALSE,0,,,,,,,,,,,,
381,404-4026534-0431517,4/30/22,Cancelled,Amazon,Amazon.in,Expedited,T-shirt,Credit Card,3XL,Cancelled,? 0,0,INR,SOLAPUR,413001,FALSE,0,,,,,,,,,,,,
382,406-4970885-3273941,4/30/22,Shipped - Delivered to Buyer,Merchant,Amazon.in,Standard,Shirt,Cash,XL,Shipped,? 666,1,INR,PUNE,411047,FALSE,666,,,,,,,,,,,,
383,406-2942566-8263534,4/30/22,Shipped - Delivered to Buyer,Merchant,Amazon.in,Standard,Shirt,Cash,S,Shipped,? 399,1,INR,MAHBUBNAGAR,509001,FALSE,399,,,,,,,,,,,,
384,406-7501816-7391539,4/30/22,Shipped - Delivered to Buyer,Merchant,Amazon.in,Standard,Shirt,Cash,S,Shipped,? 432,1,INR,Nk sweets Vikasnagar,248198,FALSE,432,,,,,,,,,,,,
385,408-3137526-3167563,4/30/22,Shipped,Amazon,Amazon.in,Standard,Shirt,Credit Card,L,Shipped,? 0,1,INR,DARJEELING,734101,FALSE,0,,,,,,,,,,,,
386,408-5211576-2061139,4/30/22,Shipped,Amazon,Amazon.in,Expedited,T-shirt,Credit Card,3XL,Shipped,"? 1,099",1,INR,RANCHI,834001,FALSE,1099,,,,,,,,,,,,
387,406-9632792-8869139,4/30/22,Shipped,Amazon,Amazon.in,Expedited,Shirt,Credit Card,3XL,Shipped,? 353,1,INR,BENGALURU,560019,FALSE,353,,,,,,,,,,,,
388,408-7971979-8745937,4/30/22,Shipped - Delivered to Buyer,Merchant,Amazon.in,Standard,Blazzer,Cash,XS,Shipped,? 0,1,INR,LUDHIANA,141001,FALSE,0,,,,,,,,,,,,
389,405-5166820-2566738,4/30/22,Shipped,Amazon,Amazon.in,Expedited,T-shirt,Credit Card,M,Shipped,? 563,1,INR,BENGALURU,560076,FALSE,563,,,,,,,,,,,,
390,405-8932002-4271522,4/30/22,Shipped,Amazon,Amazon.in,Expedited,T-shirt,Credit Card,XXL,Shipped,? 788,1,INR,HYDERABAD,500043,FALSE,788,,,,,,,,,,,,
391,404-1855398-2642751,4/30/22,Shipped,Amazon,Amazon.in,Expedited,T-shirt,Debit Card,M,Shipped,? 654,1,INR,MUZAFFARPUR,842002,FALSE,654,,,,,,,,,,,,
392,408-0912805-7526753,4/30/22,Shipped,Amazon,Amazon.in,Expedited,T-shirt,Credit Card,L,Shipped,? 0,1,INR,MUMBAI,400101,FALSE,0,,,,,,,,,,,,
393,402-2403704-9667560,4/30/22,Shipped,Amazon,Amazon.in,Expedited,Shirt,Debit Card,3XL,Shipped,? 399,1,INR,SECUNDERABAD,500011,FALSE,399,,,,,,,,,,,,
394,405-2569549-3466719,4/30/22,Shipped,Amazon,Amazon.in,Expedited,T-shirt,Credit Card,L,Shipped,? 696,1,INR,Sonbhadra,231216,FALSE,696,,,,,,,,,,,,
395,405-2822825-3877133,4/30/22,Shipped,Amazon,Amazon.in,Expedited,T-shirt,Credit Card,XXL,Shipped,"? 1,112",1,INR,LUCKNOW,226010,FALSE,1112,,,,,,,,,,,,
396,171-5222377-4501935,4/30/22,Shipped,Amazon,Amazon.in,Expedited,Shirt,Credit Card,3XL,Shipped,? 517,1,INR,KAKINADA,533003,FALSE,517,,,,,,,,,,,,
397,171-2644368-7969167,4/30/22,Shipped,Amazon,Amazon.in,Expedited,T-shirt,Debit Card,M,Shipped,? 888,1,INR,KAKINADA,533003,FALSE,888,,,,,,,,,,,,
398,171-2644368-7969167,4/30/22,Shipped,Amazon,Amazon.in,Expedited,T-shirt,Credit Card,S,Shipped,"? 1,463",1,INR,KAKINADA,533003,FALSE,1463,,,,,,,,,,,,
399,171-2644368-7969167,4/30/22,Shipped,Amazon,Amazon.in,Expedited,Shirt,Credit Card,3XL,Shipped,? 399,1,INR,KAKINADA,533003,FALSE,399,,,,,,,,,,,,
400,171-2644368-7969167,4/30/22,Shipped,Amazon,Amazon.in,Expedited,Shirt,Debit Card,M,Shipped,? 442,1,INR,KAKINADA,533003,FALSE,442,,,,,,,,,,,,
401,171-2644368-7969167,4/30/22,Shipped,Amazon,Amazon.in,Expedited,T-shirt,Debit Card,M,Shipped,"? 1,149",1,INR,KAKINADA,533003,FALSE,1149,,,,,,,,,,,,
402,171-2644368-7969167,4/30/22,Shipped,Amazon,Amazon.in,Expedited,Perfume,Credit Card,Free,Shipped,? 845,1,INR,KAKINADA,533003,FALSE,845,,,,,,,,,,,,
403,171-1758807-7455529,4/30/22,Shipped,Amazon,Amazon.in,Expedited,T-shirt,Debit Card,S,Shipped,? 788,1,INR,HALDIA,721635,FALSE,788,,,,,,,,,,,,
404,404-5848202-7366725,4/30/22,Cancelled,Merchant,Amazon.in,Standard,Blazzer,Credit Card,XXL,On the Way,? 735,0,INR,HYDERABAD,500056,FALSE,0,,,,,,,,,,,,
405,408-8224264-0017161,4/30/22,Shipped,Amazon,Amazon.in,Expedited,T-shirt,Credit Card,S,Shipped,? 788,1,INR,NEW DELHI,110016,FALSE,788,,,,,,,,,,,,
406,408-6529937-6381928,4/30/22,Shipped,Amazon,Amazon.in,Expedited,T-shirt,Credit Card,M,Shipped,? 654,1,INR,Tivim,403502,FALSE,654,,,,,,,,,,,,
407,407-2028379-9672355,4/30/22,Shipped,Amazon,Amazon.in,Expedited,Shirt,Credit Card,L,Shipped,? 518,1,INR,CHENNAI,600024,FALSE,518,,,,,,,,,,,,
408,402-9221687-4573915,4/30/22,Shipped,Amazon,Amazon.in,Expedited,T-shirt,Credit Card,XXL,Shipped,? 626,1,INR,HYDERABAD,500053,FALSE,626,,,,,,,,,,,,
409,405-2668017-2013957,4/30/22,Shipped,Amazon,Amazon.in,Expedited,Shirt,Credit Card,6XL,Shipped,? 534,1,INR,Agra,282001,FALSE,534,,,,,,,,,,,,
410,408-3337319-8990747,4/30/22,Shipped,Amazon,Amazon.in,Expedited,Shirt,Credit Card,M,Shipped,? 475,1,INR,MANDVI KACHCHH DISTRICT,370465,FALSE,475,,,,,,,,,,,,
411,407-1256885-2004349,4/30/22,Shipped,Amazon,Amazon.in,Expedited,Shirt,Debit Card,XL,Shipped,? 549,1,INR,SAMBALPUR,768004,FALSE,549,,,,,,,,,,,,
412,404-3723311-1030756,4/30/22,Shipped,Amazon,Amazon.in,Expedited,Shirt,cash,L,Shipped,? 518,1,INR,KANNIYAKUMARI,629701,FALSE,518,,,,,,,,,,,,
413,171-5542306-9306709,4/30/22,Cancelled,Amazon,Amazon.in,Expedited,Blazzer,Credit Card,XL,Cancelled,? 0,0,INR,"Chinchwad ,Pune",411019,FALSE,0,,,,,,,,,,,,
414,406-3702147-1800341,4/30/22,Shipped - Delivered to Buyer,Merchant,Amazon.in,Standard,Blazzer,Cash,XS,Shipped,? 725,1,INR,HYDERABAD,500094,FALSE,725,,,,,,,,,,,,
415,404-5867260-9073129,4/30/22,Cancelled,Merchant,Amazon.in,Standard,Shirt,Credit Card,XL,On the Way,? 438,0,INR,CHENNAI,600091,FALSE,0,,,,,,,,,,,,
416,404-0532727-2082745,4/30/22,Shipped,Amazon,Amazon.in,Expedited,T-shirt,Credit Card,XXL,Shipped,"? 1,499",1,INR,Hyderabad,500008,FALSE,1499,,,,,,,,,,,,
417,403-8966287-7773106,4/30/22,Shipped,Amazon,Amazon.in,Expedited,Shirt,Credit Card,L,Shipped,? 363,1,INR,BENGALURU,560036,FALSE,363,,,,,,,,,,,,
418,408-1512444-4965152,4/30/22,Shipped,Amazon,Amazon.in,Expedited,Shirt,Credit Card,XS,Shipped,? 399,1,INR,PURNIA,854301,FALSE,399,,,,,,,,,,,,
419,171-9451879-3651542,4/30/22,Shipped,Amazon,Amazon.in,Expedited,Shirt,Credit Card,5XL,Shipped,? 487,1,INR,kolkata,700059,FALSE,487,,,,,,,,,,,,
420,408-8501185-0578768,4/30/22,Cancelled,Amazon,Amazon.in,Expedited,T-shirt,Credit Card,XXL,Unshipped,? 824,1,INR,PUDUCHERRY,605008,FALSE,824,,,,,,,,,,,,
421,402-0251823-0845133,4/30/22,Shipped - Delivered to Buyer,Merchant,Amazon.in,Standard,Shirt,Cash,S,Shipped,? 353,1,INR,SHILLONG,793022,FALSE,353,,,,,,,,,,,,
422,408-5190897-8781155,4/30/22,Shipped,Amazon,Amazon.in,Expedited,Trousers,Credit Card,XL,Shipped,? 487,1,INR,PUNE,411057,FALSE,487,,,,,,,,,,,,
423,403-3109934-4911514,4/30/22,Shipped,Amazon,Amazon.in,Expedited,T-shirt,Credit Card,XS,Shipped,? 597,1,INR,TADEPALLIGUDEM,534101,FALSE,597,,,,,,,,,,,,
424,407-0718034-7893108,4/30/22,Shipped,Amazon,Amazon.in,Expedited,T-shirt,Credit Card,XXL,Shipped,? 654,1,INR,Ghaziabad,201001,FALSE,654,,,,,,,,,,,,
425,404-0752237-5721965,4/30/22,Shipped,Amazon,Amazon.in,Expedited,T-shirt,Credit Card,XXL,Shipped,? 597,1,INR,HYDERABAD,500090,FALSE,597,,,,,,,,,,,,
426,403-6818986-3510737,4/30/22,Cancelled,Amazon,Amazon.in,Expedited,Shirt,Credit Card,L,Unshipped,? 363,1,INR,BENGALURU,560036,FALSE,363,,,,,,,,,,,,
427,403-4673019-6572340,4/30/22,Shipped,Amazon,Amazon.in,Expedited,Shirt,Credit Card,XXL,Shipped,? 471,1,INR,GWALIOR,474001,FALSE,471,,,,,,,,,,,,
428,171-4549643-0067500,4/30/22,Cancelled,Amazon,Amazon.in,Expedited,Shirt,Credit Card,XL,Cancelled,? 0,0,INR,AKOLA,444101,FALSE,0,,,,,,,,,,,,
429,404-3622512-3887551,4/30/22,Shipped,Amazon,Amazon.in,Expedited,Blazzer,Credit Card,M,Shipped,? 744,1,INR,JORHAT,785001,FALSE,744,,,,,,,,,,,,
430,406-6906315-9570765,4/30/22,Shipped,Amazon,Amazon.in,Expedited,Shirt,Credit Card,S,Shipped,? 399,1,INR,CHENNAI,600100,FALSE,399,,,,,,,,,,,,
431,407-3562449-1962729,4/30/22,Shipped - Delivered to Buyer,Merchant,Amazon.in,Standard,Shirt,Cash,S,Shipped,? 568,1,INR,RAMANAGARA,562159,FALSE,568,,,,,,,,,,,,
432,408-2593644-6317933,4/30/22,Shipped,Amazon,Amazon.in,Expedited,T-shirt,Credit Card,S,Shipped,? 835,1,INR,Vijayapur,586109,FALSE,835,,,,,,,,,,,,
433,407-7607527-1189964,4/30/22,Shipped - Rejected by Buyer,Merchant,Amazon.in,Standard,Shirt,Cash,S,Shipped,? 568,1,INR,RAMANAGARA,562159,FALSE,568,,,,,,,,,,,,
434,405-7398388-2654744,4/30/22,Shipped,Amazon,Amazon.in,Expedited,Blazzer,Credit Card,L,Shipped,? 899,1,INR,BOKARO STEEL CITY,827001,FALSE,899,,,,,,,,,,,,
435,405-5066690-4132337,4/30/22,Shipped,Amazon,Amazon.in,Expedited,Shirt,Credit Card,XXL,Shipped,? 406,1,INR,BENGALURU,560008,FALSE,406,,,,,,,,,,,,
436,408-6466311-6949931,4/30/22,Shipped,Amazon,Amazon.in,Standard,T-shirt,Credit Card,XXL,Shipped,? 0,1,INR,LUCKNOW,226002,FALSE,0,,,,,,,,,,,,
437,171-4643830-2345965,4/30/22,Cancelled,Merchant,Amazon.in,Standard,T-shirt,Credit Card,XXL,On the Way,? 571,0,INR,MUMBAI,400101,FALSE,0,,,,,,,,,,,,
438,404-1051549-5381167,4/30/22,Shipped - Delivered to Buyer,Merchant,Amazon.in,Standard,Shirt,Cash,M,Shipped,? 399,1,INR,KHAMMAM,507003,FALSE,399,,,,,,,,,,,,
439,406-7625210-8793109,4/30/22,Shipped,Amazon,Amazon.in,Expedited,T-shirt,Credit Card,XS,Shipped,? 789,1,INR,CHENNAI,600041,FALSE,789,,,,,,,,,,,,
440,406-8665288-2025908,4/30/22,Shipped,Amazon,Amazon.in,Expedited,Shoes,Debit Card,Free,Shipped,? 620,1,INR,NEW DELHI,110084,FALSE,620,,,,,,,,,,,,
441,408-6732772-4525113,4/30/22,Shipped - Delivered to Buyer,Merchant,Amazon.in,Standard,T-shirt,Debit Card,XS,Shipped,? 0,1,INR,AURANGABAD,431002,FALSE,0,,,,,,,,,,,,
442,171-7068385-2777168,4/30/22,Shipped - Delivered to Buyer,Merchant,Amazon.in,Standard,T-shirt,Debit Card,M,Shipped,? 631,1,INR,Pune,411014,FALSE,631,,,,,,,,,,,,
443,405-9930530-1209919,4/30/22,Shipped,Amazon,Amazon.in,Expedited,Shirt,Credit Card,L,Shipped,? 499,1,INR,GADARWARA,487551,FALSE,499,,,,,,,,,,,,
444,407-0288006-5535531,4/30/22,Shipped,Amazon,Amazon.in,Expedited,Blazzer,Debit Card,L,Shipped,? 807,1,INR,HYDERABAD,500050,FALSE,807,,,,,,,,,,,,
445,403-6363820-3080315,4/30/22,Shipped,Amazon,Amazon.in,Expedited,T-shirt,Credit Card,XXL,Shipped,? 666,1,INR,PUDUCHERRY,605001,FALSE,666,,,,,,,,,,,,
446,408-7937211-8974712,4/30/22,Shipped,Amazon,Amazon.in,Standard,T-shirt,Credit Card,L,Shipped,? 0,1,INR,SHIRDI,423109,FALSE,0,,,,,,,,,,,,
447,407-4283259-6933941,4/30/22,Shipped,Amazon,Amazon.in,Expedited,Shirt,Credit Card,XS,Shipped,? 329,1,INR,VELLORE,632004,FALSE,329,,,,,,,,,,,,
448,407-3630361-4581152,4/30/22,Cancelled,Amazon,Amazon.in,Expedited,Shirt,Credit Card,XS,Cancelled,? 0,0,INR,VELLORE,632004,FALSE,0,,,,,,,,,,,,
449,408-6348199-2089932,4/30/22,Shipped,Amazon,Amazon.in,Standard,T-shirt,Credit Card,XL,Shipped,? 0,1,INR,RANCHI,834002,FALSE,0,,,,,,,,,,,,
450,408-5824761-8505932,4/30/22,Shipped - Delivered to Buyer,Merchant,Amazon.in,Standard,Shirt,Cash,XL,Shipped,? 399,1,INR,noida,201301,FALSE,399,,,,,,,,,,,,
451,406-0673842-3693910,4/30/22,Shipped,Amazon,Amazon.in,Expedited,Shirt,Credit Card,M,Shipped,? 399,1,INR,Mangaluru,575007,FALSE,399,,,,,,,,,,,,
452,405-0722232-7258752,4/30/22,Shipped,Amazon,Amazon.in,Expedited,Shirt,Credit Card,XXL,Shipped,? 487,1,INR,SINGRAULI,486889,FALSE,487,,,,,,,,,,,,
453,408-0224364-7467540,4/30/22,Shipped,Amazon,Amazon.in,Expedited,T-shirt,Debit Card,XXL,Shipped,"? 1,033",1,INR,NEW DELHI,110063,FALSE,1033,,,,,,,,,,,,
454,408-2445040-0957913,4/30/22,Shipped,Amazon,Amazon.in,Expedited,Trousers,Credit Card,L,Shipped,? 625,1,INR,BENGALURU,560077,FALSE,625,,,,,,,,,,,,
455,406-8412164-3153129,4/30/22,Shipped,Amazon,Amazon.in,Expedited,Trousers,Credit Card,L,Shipped,? 432,1,INR,MUMBAI,400097,FALSE,432,,,,,,,,,,,,
456,407-5524319-6977912,4/30/22,Cancelled,Amazon,Amazon.in,Expedited,Shirt,Credit Card,XXL,Cancelled,? 0,0,INR,THRIPPUNITHURA,682301,FALSE,0,,,,,,,,,,,,
457,407-7757868-6086759,4/30/22,Shipped,Amazon,Amazon.in,Expedited,T-shirt,Credit Card,M,Shipped,"? 1,115",1,INR,NEW DELHI,110017,FALSE,1115,,,,,,,,,,,,
458,171-5065107-7793119,4/30/22,Shipped,Amazon,Amazon.in,Expedited,Shirt,Credit Card,XL,Shipped,? 511,1,INR,GHAZIABAD,201014,FALSE,511,,,,,,,,,,,,
459,403-0216195-8439543,4/30/22,Shipped,Amazon,Amazon.in,Expedited,T-shirt,Credit Card,XL,Shipped,? 599,1,INR,KENDUJHAR,758001,FALSE,599,,,,,,,,,,,,
460,402-9874837-4557125,4/30/22,Shipped,Amazon,Amazon.in,Expedited,Trousers,Credit Card,L,Shipped,? 545,1,INR,MUMBAI,400066,FALSE,545,,,,,,,,,,,,
461,408-8892348-9765950,4/30/22,Shipped,Amazon,Amazon.in,Expedited,Shirt,Credit Card,XXL,Shipped,? 353,1,INR,THANE,401107,FALSE,353,,,,,,,,,,,,
462,408-6417023-0253911,4/30/22,Shipped,Amazon,Amazon.in,Expedited,T-shirt,Credit Card,XXL,Shipped,? 563,1,INR,THANE,401107,FALSE,563,,,,,,,,,,,,
463,407-4004149-2857161,4/30/22,Shipped,Amazon,Amazon.in,Expedited,Trousers,Credit Card,XXL,Shipped,? 487,1,INR,KALYAN,421201,FALSE,487,,,,,,,,,,,,
464,404-6408992-6781106,4/30/22,Shipped,Amazon,Amazon.in,Expedited,Shirt,Credit Card,L,Shipped,? 352,1,INR,CHENNAI,600015,FALSE,352,,,,,,,,,,,,
465,407-9345273-2408359,4/30/22,Shipped,Amazon,Amazon.in,Expedited,Shirt,Credit Card,L,Shipped,? 376,1,INR,CHENNAI,600115,FALSE,376,,,,,,,,,,,,
466,408-0266080-9401113,4/30/22,Shipped - Returned to Seller,Merchant,Amazon.in,Standard,Trousers,Cash,L,Shipped,? 599,1,INR,GURUGRAM,122022,FALSE,599,,,,,,,,,,,,
467,404-6096382-3389133,4/30/22,Shipped - Delivered to Buyer,Merchant,Amazon.in,Standard,Wallet,Cash,Free,Shipped,? 329,1,INR,LUDHIANA,141012,FALSE,329,,,,,,,,,,,,
468,405-9737320-3923530,4/30/22,Shipped,Amazon,Amazon.in,Expedited,T-shirt,Debit Card,XL,Shipped,"? 1,133",1,INR,Nerul,403114,FALSE,1133,,,,,,,,,,,,
469,402-7908398-5262750,4/30/22,Shipped,Amazon,Amazon.in,Expedited,T-shirt,Credit Card,XXL,Shipped,? 684,1,INR,IMPHAL,795004,FALSE,684,,,,,,,,,,,,
470,407-6861831-9368312,4/30/22,Cancelled,Amazon,Amazon.in,Expedited,T-shirt,Debit Card,XS,Cancelled,? 0,0,INR,PALASBARI,781120,FALSE,0,,,,,,,,,,,,
471,406-4290163-4557960,4/30/22,Cancelled,Amazon,Amazon.in,Expedited,Shirt,Debit Card,L,Unshipped,? 435,1,INR,HYDERABAD,500090,FALSE,435,,,,,,,,,,,,
472,405-9000587-4386763,4/30/22,Shipped,Amazon,Amazon.in,Expedited,Shirt,Credit Card,XL,Shipped,? 399,1,INR,PUNE,411057,FALSE,399,,,,,,,,,,,,
473,405-9000587-4386763,4/30/22,Shipped,Amazon,Amazon.in,Expedited,Shirt,Credit Card,XL,Shipped,? 399,1,INR,PUNE,411057,FALSE,399,,,,,,,,,,,,
474,404-7760595-7490722,4/30/22,Cancelled,Amazon,Amazon.in,Expedited,Shirt,Credit Card,XL,Unshipped,? 399,1,INR,Chikkaballapur,562101,FALSE,399,,,,,,,,,,,,
475,403-8206114-6438765,4/30/22,Shipped,Amazon,Amazon.in,Expedited,T-shirt,Credit Card,L,Shipped,? 788,1,INR,Andul near maya stores,711302,FALSE,788,,,,,,,,,,,,
476,404-6734371-2217151,4/30/22,Shipped - Delivered to Buyer,Merchant,Amazon.in,Standard,Shirt,Debit Card,3XL,Shipped,? 549,1,INR,BENGALURU,560078,FALSE,549,,,,,,,,,,,,
477,403-9844758-9663515,4/30/22,Shipped,Amazon,Amazon.in,Expedited,T-shirt,Credit Card,XS,Shipped,? 654,1,INR,MUMBAI,400067,FALSE,654,,,,,,,,,,,,
478,402-1037282-5400318,4/30/22,Shipped,Amazon,Amazon.in,Expedited,Shirt,Credit Card,M,Shipped,? 399,1,INR,Mumbai,400078,FALSE,399,,,,,,,,,,,,
479,408-6497115-2636366,4/30/22,Shipped - Delivered to Buyer,Merchant,Amazon.in,Standard,T-shirt,Debit Card,L,Shipped,? 599,1,INR,HYDERABAD,500067,FALSE,599,,,,,,,,,,,,
480,408-2311178-4563550,4/30/22,Shipped,Amazon,Amazon.in,Expedited,T-shirt,Credit Card,L,Shipped,? 874,1,INR,HYDERABAD,500067,FALSE,874,,,,,,,,,,,,
481,171-7904830-1900363,4/30/22,Shipped - Delivered to Buyer,Merchant,Amazon.in,Standard,Shirt,Cash,XXL,Shipped,? 533,1,INR,HYDERABAD,500075,FALSE,533,,,,,,,,,,,,
482,406-9476969-2801163,4/30/22,Shipped,Amazon,Amazon.in,Expedited,Shirt,Credit Card,XXL,Shipped,? 399,1,INR,BENGALURU,560011,FALSE,399,,,,,,,,,,,,
483,403-2867551-8904322,4/30/22,Shipped,Amazon,Amazon.in,Expedited,Blazzer,Credit Card,L,Shipped,? 744,1,INR,BENGALURU,560035,FALSE,744,,,,,,,,,,,,
484,407-0133690-8157926,4/30/22,Shipped,Amazon,Amazon.in,Expedited,Shirt,Credit Card,M,Shipped,? 499,1,INR,SURAT,395007,FALSE,499,,,,,,,,,,,,
485,402-2892726-4411563,4/30/22,Cancelled,Amazon,Amazon.in,Expedited,Shirt,Credit Card,M,Unshipped,? 399,1,INR,Mumbai,400078,FALSE,399,,,,,,,,,,,,
486,402-9688522-2179563,4/30/22,Shipped,Amazon,Amazon.in,Expedited,Shirt,Credit Card,L,Shipped,? 376,1,INR,CHITTOOR,517001,FALSE,376,,,,,,,,,,,,
487,404-7977517-7125147,4/30/22,Shipped,Amazon,Amazon.in,Expedited,Shirt,Debit Card,XXL,Shipped,? 486,1,INR,KADUR,577548,FALSE,486,,,,,,,,,,,,
488,403-4009455-2766717,4/30/22,Shipped,Amazon,Amazon.in,Expedited,Shirt,Credit Card,XXL,Shipped,? 399,1,INR,SURATGARH,335804,FALSE,399,,,,,,,,,,,,
489,408-8960391-6097167,4/30/22,Cancelled,Amazon,Amazon.in,Expedited,Shirt,Credit Card,3XL,Cancelled,? 0,0,INR,MIRA ROAD,401107,FALSE,0,,,,,,,,,,,,
490,406-9811989-3946709,4/30/22,Shipped,Amazon,Amazon.in,Expedited,Shirt,Credit Card,XL,Shipped,? 424,1,INR,MUMBAI,400095,FALSE,424,,,,,,,,,,,,
491,406-0361691-7797129,4/30/22,Shipped - Delivered to Buyer,Merchant,Amazon.in,Standard,Shirt,Debit Card,XXL,Shipped,? 362,1,INR,MUMBAI,400095,FALSE,362,,,,,,,,,,,,
492,408-9628391-5712365,4/30/22,Shipped,Amazon,Amazon.in,Expedited,Trousers,Debit Card,3XL,Shipped,? 599,1,INR,DINANAGAR,143531,FALSE,599,,,,,,,,,,,,
493,408-1587720-2667552,4/30/22,Shipped,Amazon,Amazon.in,Expedited,T-shirt,Debit Card,L,Shipped,? 597,1,INR,KOLKATA,700028,FALSE,597,,,,,,,,,,,,
494,171-5980259-5726757,4/30/22,Shipped,Amazon,Amazon.in,Expedited,Trousers,Credit Card,XXL,Shipped,? 487,1,INR,SECUNDERABAD,500011,FALSE,487,,,,,,,,,,,,
495,405-2266530-9531500,4/30/22,Shipped - Delivered to Buyer,Merchant,Amazon.in,Standard,T-shirt,Debit Card,3XL,Shipped,? 563,1,INR,KALYAN,421004,FALSE,563,,,,,,,,,,,,
496,408-3468189-1632369,4/30/22,Shipped,Amazon,Amazon.in,Expedited,Shirt,Credit Card,L,Shipped,? 487,1,INR,ARAKANDANALLUR,605752,FALSE,487,,,,,,,,,,,,
497,402-8199412-5613164,4/30/22,Shipped,Amazon,Amazon.in,Expedited,T-shirt,Credit Card,XXL,Shipped,"? 1,099",1,INR,BHOPAL,462038,FALSE,1099,,,,,,,,,,,,
